"STATION","DATE","LATITUDE","LONGITUDE","ELEVATION","NAME","CDSD","CDSD_ATTRIBUTES","CLDD","CLDD_ATTRIBUTES","DP01","DP01_ATTRIBUTES","DP10","DP10_ATTRIBUTES","DP1X","DP1X_ATTRIBUTES","DSND","DSND_ATTRIBUTES","DSNW","DSNW_ATTRIBUTES","DT00","DT00_ATTRIBUTES","DT32","DT32_ATTRIBUTES","DX32","DX32_ATTRIBUTES","DX70","DX70_ATTRIBUTES","DX90","DX90_ATTRIBUTES","DYFG","DYFG_ATTRIBUTES","DYTS","DYTS_ATTRIBUTES","EMNT","EMNT_ATTRIBUTES","EMSD","EMSD_ATTRIBUTES","EMSN","EMSN_ATTRIBUTES","EMXP","EMXP_ATTRIBUTES","EMXT","EMXT_ATTRIBUTES","FZF0","FZF0_ATTRIBUTES","FZF1","FZF1_ATTRIBUTES","FZF2","FZF2_ATTRIBUTES","FZF3","FZF3_ATTRIBUTES","FZF4","FZF4_ATTRIBUTES","FZF5","FZF5_ATTRIBUTES","FZF6","FZF6_ATTRIBUTES","FZF7","FZF7_ATTRIBUTES","FZF8","FZF8_ATTRIBUTES","FZF9","FZF9_ATTRIBUTES","HDSD","HDSD_ATTRIBUTES","HN01","HN01_ATTRIBUTES","HN02","HN02_ATTRIBUTES","HN03","HN03_ATTRIBUTES","HTDD","HTDD_ATTRIBUTES","HX01","HX01_ATTRIBUTES","HX02","HX02_ATTRIBUTES","HX03","HX03_ATTRIBUTES","HX04","HX04_ATTRIBUTES","HX05","HX05_ATTRIBUTES","LN01","LN01_ATTRIBUTES","LN02","LN02_ATTRIBUTES","LN03","LN03_ATTRIBUTES","LX01","LX01_ATTRIBUTES","LX02","LX02_ATTRIBUTES","LX03","LX03_ATTRIBUTES","LX04","LX04_ATTRIBUTES","LX05","LX05_ATTRIBUTES","MN01","MN01_ATTRIBUTES","MN02","MN02_ATTRIBUTES","MN03","MN03_ATTRIBUTES","MX01","MX01_ATTRIBUTES","MX02","MX02_ATTRIBUTES","MX03","MX03_ATTRIBUTES","MX04","MX04_ATTRIBUTES","MX05","MX05_ATTRIBUTES","PRCP","PRCP_ATTRIBUTES","SNOW","SNOW_ATTRIBUTES","TAVG","TAVG_ATTRIBUTES","TMAX","TMAX_ATTRIBUTES","TMIN","TMIN_ATTRIBUTES","WDMV","WDMV_ATTRIBUTES"
"USC00351862","1893","44.6341","-123.19","68.6","CORVALLIS STATE UNIVERSITY, OR US","","","","","","","","","","","","","","","         0","6","        89","6","","","","","","","         1"," ","","","  -15.6","6,0201, ","","","","","","","","","-0.6","6,1018","-2.2","6,1023","-4.4","6,1101","","","","","0.0","6,0509","-2.2","6,0417","-15.6","6,0201","-15.6","6,0201","-15.6","6,0201","","","","","","","","","","","","","","","","","","","","","","","","","","","","","","","","","","","","","","","","","","","","","","","","","","","","","","","","","","","","","      3.74","6","",""
"USC00351862","1894","44.6341","-123.19","68.6","CORVALLIS STATE UNIVERSITY, OR US","     90.8","","      90.8","6","","","","","","","","","","","         0","6","        74","6","         0","6","       106","6","         9","6","","","","","   -6.7","6,0105, ","","","","","","","   35.6","6,0826, ","-0.6","6,1006","-4.4","6,1116","-4.4","6,1116","","","","","-1.1","6,0509","-5.6","6,0223","-5.6","6,0223","-6.7","6,0105","","","    3039.2","2","","","","","","","    3039.2","6","","","","","","","","","","","","","","","","","","","","","","","","","","","","","","","","","","","","","","","","","","","","","","","     10.44","6","     16.15","6","      4.72","6","",""
"USC00351862","1895","44.6341","-123.19","68.6","CORVALLIS STATE UNIVERSITY, OR US","","","","","","","","","","","","","","","","","","","","","","","","","         1"," ","","","","","","","","","","","","","","","","","","","","","","","","","","","","","","","","","    2839.3","3","","","","","","","    2839.3"," ","","","","","","","","","","","","","","","","","","","","","","","","","","","","","","","","","","","","","","","","","","","","","","","","","","","","","",""
"USC00351862","1896","44.6341","-123.19","68.6","CORVALLIS STATE UNIVERSITY, OR US","    108.5","","     108.5","6","","","","","","","","","","","         0","6","        69","6","         6","6","       116","6","        14","6","","","","","  -12.2","6,1129,+","","","","","","","   37.2","6,0715, ","0.0","6,0925","-3.3","6,1106","-4.4","6,1126","-9.4","6,1127","-9.4","6,1127","0.0","6,0418","-3.9","6,0331","-6.1","6,0303","","","","","","","","","","","","","","","","","","","","","","","","","","","","","","","","","","","","","","","","","","","","","","","","","","","","","","","","","","","","","     10.66","6","     16.85","6","      4.47","6","",""
"USC00351862","1899","44.6341","-123.19","68.6","CORVALLIS STATE UNIVERSITY, OR US","     57.0","","      57.0","6","       194","6","       121","6","         8","6","","","","","         3","6","        50","6","         4","6","       103","6","         3","6","","","","","  -20.6","6,0204, ","","","","","  48.3"," ,6,1125, ","   34.4","6,0726,+","-3.9","6,1013","-3.9","6,1013","","","","","","","0.0","6,0421","-2.2","6,0412","-16.7","6,0206","-16.7","6,0206","-16.7","6,0206","    2922.8","8","","","","","","","    2922.8","6","","","","","","","","","","","","","","","","","","","","","","","","","","","","","","","","","","","","","","","","","","","   1262.6"," ,6","","","     10.73","6","     16.41","6","      5.04","6","",""
"USC00351862","1900","44.6341","-123.19","68.6","CORVALLIS STATE UNIVERSITY, OR US","","","","","       170","6","       106","6","         6","6","","","","","","","","","","","","","","","","","","","","","","","","","  32.8"," ,6,1101,+","","","","","","","","","","","","","","","","","","","","","","","    2457.8","8","","","","","","","    2457.8","6","","","","","","","","","","","","","","","","","","","","","","","","","","","","","","","","","","","","","","","","","","","    981.5"," ,6","","","","","","","","","",""
"USC00351862","1902","44.6341","-123.19","68.6","CORVALLIS STATE UNIVERSITY, OR US","    115.8","","     115.8","6","","","","","","","","","","","         0","6","        46","6","         5","6","       111","6","        11","6","","","","","  -11.7","6,0124, ","","","","","","","   38.9","6,0806, ","0.0","6,0928","-2.2","6,1121","-4.4","6,1217","","","","","-0.6","6,0412","-6.7","6,0129","-6.7","6,0129","-6.7","6,0129","-8.9","6,0128","    2713.5","5","","","","","","","    2713.5","6","","","","","","","","","","","","","","","","","","","","","","","","","","","","","","","","","","","","","","","","","","","","","","","     10.91","6","     16.48","6","      5.34","6","",""
"USC00351862","1903","44.6341","-123.19","68.6","CORVALLIS STATE UNIVERSITY, OR US","     52.5","","      52.5","6","","","","","","","","","","","         0","6","        77","6","         0","6","       114","6","         4","6","","","","","   -6.7","6,1231, ","","","","","","","   36.7","6,0607, ","0.0","6,0930","-2.2","6,1202","-6.7","6,1231","-6.7","6,1231","","","0.0","6,0507","-2.2","6,0412","-4.4","6,0311","","","","","    2847.9","9","","","","","","","    2847.9","6","","","","","","","","","","","","","","","","","","","","","","","","","","","","","","","","","","","","","","","","","","","","","","","     10.54","6","     16.27","6","      4.81","6","",""
"USC00351862","1904","44.6341","-123.19","68.6","CORVALLIS STATE UNIVERSITY, OR US","    108.0","","     108.0","6","","","","","","","","","","","         0","6","        46","6","         0","6","       125","6","        17","6","","","","","   -3.9","6,0206, ","","","","","","","   37.2","6,0818, ","-0.6","6,0922","-2.2","6,1204","","","","","","","-1.1","6,0423","-2.2","6,0302","","","","","","","    2721.5","5","","","","","","","    2721.5","6","","","","","","","","","","","","","","","","","","","","","","","","","","","","","","","","","","","","","","","","","","","","","","","     11.46","6","     17.37","6","      5.55","6","",""
"USC00351862","1905","44.6341","-123.19","68.6","CORVALLIS STATE UNIVERSITY, OR US","    114.7","","     114.7","6","","","","","","","","","","","         0","6","        62","6","         2","6","       123","6","        12","6","","","","","   -8.3","6,0212, ","","","","","","","   42.8","6,0708, ","-2.2","6,1018","-2.2","6,1018","","","","","","","-0.6","6,0426","-3.9","6,0215","-6.1","6,0214","-7.8","6,0213","","","    2444.5","5","","","","","","","    2444.5","6","","","","","","","","","","","","","","","","","","","","","","","","","","","","","","","","","","","","","","","","","","","","","","","     11.31","6","     17.17","6","      5.45","6","",""
"USC00351862","1906","44.6341","-123.19","68.6","CORVALLIS STATE UNIVERSITY, OR US","    157.1","","     157.1","6","","","","","","","","","","","         0","6","        59","6","         0","6","       121","6","        18","6","","","","","   -5.6","6,0317,+","","","","","","","   40.6","6,0712, ","-1.1","6,1020","-2.2","6,1119","-4.4","6,1124","","","","","0.0","6,0426","-2.2","6,0402","-5.6","6,0317","","","","","    2669.4","4","","","","","","","    2669.4","6","","","","","","","","","","","","","","","","","","","","","","","","","","","","","","","","","","","","","","","","","","","","","","","     11.84","6","     17.83","6","      5.85","6","",""
"USC00351862","1908","44.6341","-123.19","68.6","CORVALLIS STATE UNIVERSITY, OR US","    137.6","","     137.6","6","","","","","","","","","","","         0","6","        66","6","         3","6","       105","6","        15","6","","","","","   -6.7","6,0202, ","","","","","","","   37.8","6,0719, ","-2.8","6,0924","-2.8","6,0924","-5.6","6,1214","","","","","0.0","6,0510","-3.9","6,0318","-6.7","6,0202","-6.7","6,0202","","","","","","","","","","","","","","","","","","","","","","","","","","","","","","","","","","","","","","","","","","","","","","","","","","","","","","","","","","","     10.98","6","     16.87","6","      5.08","6","",""
"USC00351862","1909","44.6341","-123.19","68.6","CORVALLIS STATE UNIVERSITY, OR US","","","","","","","","","","","","","","","","","","","","","","","","","","","","","","","","","","","","","","","","","","","","","","","","","","","","","","","","","","","    2759.1","1","","","","","","","    2759.1","6","","","","","","","","","","","","","","","","","","","","","","","","","","","","","","","","","","","","","","","","","","","","","","","","","","","","","",""
"USC00351862","1910","44.6341","-123.19","68.6","CORVALLIS STATE UNIVERSITY, OR US","","","","","       110","6","        81","6","         4","6","","","","","","","","","","","","","","","","","","","","","","","","","  50.8"," ,6,1105, ","","","","","","","","","","","","","","","","","","","","","","","","","","","","","","","","","","","","","","","","","","","","","","","","","","","","","","","","","","","","","","","","","","","","","","","","","","","    927.0"," ,6","","","","","","","","","",""
"USC00351862","1911","44.6341","-123.19","68.6","CORVALLIS STATE UNIVERSITY, OR US","    176.9","","     176.9","6","       129","6","        79","6","         5","6","","","","","         0","6","        99","6","         2","6","        87","6","        17","6","","","","","  -14.4","6,0114, ","","","","","  86.4"," ,6,0117, ","   37.8","6,0716, ","0.0","6,1022","-2.2","6,1027","","","","","","","0.0","6,0624","-2.8","6,0414","-5.0","6,0202","-12.2","6,0115","-12.2","6,0115","    3082.0","0","","","","","","","    3082.0","6","","","","","","","","","","","","","","","","","","","","","","","","","","","","","","","","","","","","","","","","","","","    978.1"," ,6","","","     10.01","6","     15.73","6","      4.29","6","",""
"USC00351862","1912","44.6341","-123.19","68.6","CORVALLIS STATE UNIVERSITY, OR US","","","","","","","","","","","","","","","","","","","","","","","","","         2"," ","","","","","","","","","","","","","","","","","","","","","","","","","","","","","","","","","","","","","","","","","","","","","","","","","","","","","","","","","","","","","","","","","","","","","","","","","","","","","","","","","","","","","","","","","","","","","","","",""
"USC00351862","1913","44.6341","-123.19","68.6","CORVALLIS STATE UNIVERSITY, OR US","","","","","       147","6","        93","6","         3","6","","","","","","","","","         0","6","       119","6","        10","6","         1"," ","","","","","","","","","  45.7"," ,6,0117, ","   36.1","6,0718, ","","","","","","","","","","","","","","","","","","","","","","","","","","","","","","","","","","","","","","","","","","","","","","","","","","","","","","","","","","","","","","","","","","","","","","","","","    907.7"," ,6","","","","","     16.59","6","","","",""
"USC00351862","1915","44.6341","-123.19","68.6","CORVALLIS STATE UNIVERSITY, OR US","","","","","","","","","","","","","","","         0","6","        39","6","","","","","","","","","","","   -6.1","6,1230,+","","","","","","","","","-0.6","6,1011","-6.1","6,1230","-6.1","6,1230","","","","","-2.2","6,0501","-2.2","6,0501","-5.0","6,0125","","","","","","","","","","","","","","","","","","","","","","","","","","","","","","","","","","","","","","","","","","","","","","","","","","","","","","","","","","","","","","","","","      7.13","6","",""
"USC00351862","1916","44.6341","-123.19","68.6","CORVALLIS STATE UNIVERSITY, OR US","     72.4","","      72.4","6","","","","","","","","","","","         0","6","        87","6","         5","6","       100","6","         7","6","","","","","  -13.3","6,0119, ","","","","","","","   37.2","6,0825, ","-0.6","6,1002","-3.3","6,1004","-4.4","6,1111","-6.7","6,1114","","","-0.6","6,0511","-6.7","6,0204","-6.7","6,0204","-6.7","6,0204","-10.6","6,0130","","","","","","","","","","","","","","","","","","","","","","","","","","","","","","","","","","","","","","","","","","","","","","","","","","","","","","","","","     10.30","6","     16.13","6","      4.46","6","",""
"USC00351862","1917","44.6341","-123.19","68.6","CORVALLIS STATE UNIVERSITY, OR US","","","","","       141","6","        93","6","         6","6","","","","","","","","","","","","","","","        17"," ","","","","","","","","","  50.0"," ,6,1219, ","","","","","","","","","","","","","","","","","","","","","","","    2986.8","8","","","","","","","    2986.8","6","","","","","","","","","","","","","","","","","","","","","","","","","","","","","","","","","","","","","","","","","","","   1007.7"," ,6","","","","","","","","","",""
"USC00351862","1921","44.6341","-123.19","68.6","CORVALLIS STATE UNIVERSITY, OR US","     38.4","","      38.4","6","       146","6","        91","6","         8","6","","","","","         0","6","        45","6","         1","6","       130","6","         2","6","","","","","   -7.2","6,1225,+","","","","","  80.3"," ,6,1120, ","   35.0","6,0807, ","-1.1","6,1117","-2.8","6,1215","-5.0","6,1217","-7.2","6,1224","","","0.0","6,0511","-2.2","6,0407","","","","","","","","","","","","","","","","","","","","","","","","","","","","","","","","","","","","","","","","","","","","","","","","","","","","","","","","","","","   1045.0"," ,6","","","     11.02","6","     16.79","6","      5.24","6","",""
"USC00351862","1922","44.6341","-123.19","68.6","CORVALLIS STATE UNIVERSITY, OR US","     98.0","","      98.0","6","       139","6","        94","6","         8","6","","","","","         0","6","        99","6","         7","6","       131","6","        16","6","","","","","  -10.0","6,0119, ","","","","","  42.7"," ,6,1209, ","   37.8","6,0702, ","-0.6","6,1101","-3.3","6,1103","-4.4","6,1114","-8.3","6,1212","-8.9","6,1214","-0.6","6,0526","-2.8","6,0327","-5.0","6,0301","-8.3","6,0201","-10.0","6,0119","    2955.4","4","","","","","","","    2955.4","6","","","","","","","","","","","","","","","","","","","","","","","","","","","","","","","","","","","","","","","","","","","    989.7"," ,6","","","     10.20","6","     16.60","6","      3.79","6","",""
"USC00351862","1923","44.6341","-123.19","68.6","CORVALLIS STATE UNIVERSITY, OR US","    132.6","","     132.6","6","","","","","","","","","","","         0","6","        76","6","         0","6","       124","6","        14","6","","","","","   -7.2","6,1231, ","","","","","","","   35.6","6,0907,+","-1.1","6,1024","-3.3","6,1201","-7.2","6,1231","-7.2","6,1231","","","-1.1","6,0502","-2.2","6,0318","-6.1","6,0304","-6.7","6,0303","","","    2962.2","2","","","","","","","    2962.2","6","","","","","","","","","","","","","","","","","","","","","","","","","","","","","","","","","","","","","","","","","","","","","","","     11.15","6","     17.28","6","      5.01","6","",""
"USC00351862","1924","44.6341","-123.19","68.6","CORVALLIS STATE UNIVERSITY, OR US","","","","","       150","6","        80","6","         7","6","","","","","","","","","","","","","","","","","","","","","","","","","  57.4"," ,6,1029, ","","","","","","","","","","","","","","","","","","","","","","","    2525.7","7","","","","","","","    2525.7"," ","","","","","","","","","","","","","","","","","","","","","","","","","","","","","","","","","","","","","","","","","","","    975.2"," ,6","","","","","","","","","",""
"USC00351862","1925","44.6341","-123.19","68.6","CORVALLIS STATE UNIVERSITY, OR US","    116.8","","     116.8","6","       149","6","        82","6","         3","6","","","","","         0","6","        31","6","         0","6","       131","6","        16","6","","","","","   -4.4","6,1230,+","","","","","  38.9"," ,6,1220, ","   38.9","6,0624, ","-0.6","6,1013","-2.8","6,1101","-4.4","6,1229","","","","","0.0","6,0508","-2.2","6,0329","","","","","","","","","","","","","","","","","","","","","","","","","","","","","","","","","","","","","","","","","","","","","","","","","","","","","","","","","","","    866.1"," ,6","","","     11.93","6","     18.10","6","      5.76","6","    142196","6"
"USC00351862","1926","44.6341","-123.19","68.6","CORVALLIS STATE UNIVERSITY, OR US","    120.8","","     120.8","6","       149","6","        86","6","         8","6","","","","","         0","6","        45","6","         1","6","       146","6","        19","6","","","","","   -6.7","6,1214, ","","","","","  56.1"," ,6,1129, ","   37.8","6,0710,+","0.0","6,0926","-3.9","6,1213","-6.7","6,1214","-6.7","6,1214","","","0.0","6,0509","-2.2","6,0212","-5.6","6,0113","","","","","    2327.9","9","","","","","","","    2327.9","6","","","","","","","","","","","","","","","","","","","","","","","","","","","","","","","","","","","","","","","","","","","   1018.2"," ,6","","","     12.34","6","     19.06","6","      5.61","6","",""
"USC00351862","1927","44.6341","-123.19","68.6","CORVALLIS STATE UNIVERSITY, OR US","","","","","       176","6","       109","6","         9","6","","","","","         0","6","        75","6","","","","","","","","","","","  -12.8","6,0121, ","","","","","  43.7"," ,6,0201, ","","","0.0","6,1007","-3.9","6,1207","-6.7","6,1211","-6.7","6,1211","","","0.0","6,0519","-2.2","6,0419","-5.6","6,0214","-11.7","6,0122","-11.7","6,0122","","","","","","","","","","","","","","","","","","","","","","","","","","","","","","","","","","","","","","","","","","","","","","","","","","","","","   1216.7"," ,6","","","","","","","      5.06","6","",""
"USC00351862","1928","44.6341","-123.19","68.6","CORVALLIS STATE UNIVERSITY, OR US","    135.2","","     135.2","6","       136","6","        87","6","         7","6","","","","","         0","6","        48","6","         3","6","       129","6","        12","6","","","","","   -6.7","6,0101, ","","","","","  76.2"," ,6,1109, ","   38.9","6,0724,+","0.0","6,1013","-3.3","6,1204","","","","","","","-1.1","6,0403","-2.2","6,0218","-4.4","6,0216","-6.7","6,0101","","","    2527.2","2","","","","","","","    2527.2","6","","","","","","","","","","","","","","","","","","","","","","","","","","","","","","","","","","","","","","","","","","","    998.0"," ,6","","","     11.89","6","     17.66","6","      6.12","6","",""
"USC00351862","1929","44.6341","-123.19","68.6","CORVALLIS STATE UNIVERSITY, OR US","    154.3","","     154.3","6","       108","6","        51","6","         6","6","","","","","         0","6","        66","6","         2","6","       131","6","        12","6","","","","","   -8.9","6,0209, ","","","","","  61.5"," ,6,1218, ","   36.1","6,0810, ","0.0","6,1029","-2.8","6,1108","","","","","","","0.0","6,0601","-3.9","6,0215","-5.0","6,0213","-7.8","6,0211","-8.9","6,0209","    2728.6","6","","","","","","","    2728.6","6","","","","","","","","","","","","","","","","","","","","","","","","","","","","","","","","","","","","","","","","","","","    622.1"," ,6","","","     11.49","6","     17.51","6","      5.48","6","",""
"USC00351862","1930","44.6341","-123.19","68.6","CORVALLIS STATE UNIVERSITY, OR US","    121.7","","     121.7","6","       110","6","        63","6","         1","6","","","","","         0","6","        60","6","        17","6","       133","6","         9","6","","","","","  -15.6","6,0121, ","","","","","  29.0"," ,6,1115, ","   36.7","6,0814, ","-1.1","6,1029","-2.2","6,1125","-4.4","6,1227","","","","","-1.1","6,0508","-2.2","6,0302","-5.6","6,0128","-11.1","6,0125","-11.1","6,0125","    2441.3","3","","","","","","","    2441.3","6","","","","","","","","","","","","","","","","","","","","","","","","","","","","","","","","","","","","","","","","","","","    601.8"," ,6","","","     11.49","6","     17.37","6","      5.60","6","     34004","6"
"USC00351862","1931","44.6341","-123.19","68.6","CORVALLIS STATE UNIVERSITY, OR US","    189.6","","     189.6","6","       131","6","        91","6","        11","6","","","","","         0","6","        40","6","         0","6","       137","6","        17","6","","","","","   -4.4","6,1201,+","","","","","  33.5"," ,6,1119,+","   40.0","6,0719, ","0.0","6,1121","-4.4","6,1123","-4.4","6,1123","","","","","-1.1","6,0326","-2.8","6,0108","","","","","","","    2335.3","3","","","","","","","    2335.3","6","","","","","","","","","","","","","","","","","","","","","","","","","","","","","","","","","","","","","","","","","","","    993.4"," ,6","","","     12.47","6","     18.35","6","      6.60","6","     42891","6"
"USC00351862","1932","44.6341","-123.19","68.6","CORVALLIS STATE UNIVERSITY, OR US","    173.4","","     173.4","6","       133","6","        85","6","         5","6","","","","","         0","6","        41","6","         5","6","       130","6","        13","6","","","","","  -12.8","6,1210, ","","","","","  42.9"," ,6,1223, ","   37.2","6,0805,+","0.0","6,1110","-3.3","6,1206","-8.3","6,1208","-8.3","6,1208","-10.0","6,1209","-0.6","6,0321","-2.8","6,0219","-5.6","6,0202","-6.7","6,0201","","","    2485.0","0","","","","","","","    2485.0","6","","","","","","","","","","","","","","","","","","","","","","","","","","","","","","","","","","","","","","","","","","","    922.4"," ,6","","","     11.91","6","     17.44","6","      6.38","6","",""
"USC00351862","1933","44.6341","-123.19","68.6","CORVALLIS STATE UNIVERSITY, OR US","    132.1","","     132.1","6","","","","","","","","","","","         0","6","        43","6","         1","6","       114","6","        14","6","","","","","  -11.7","6,0209, ","","","","","","","   35.6","6,0823,+","-1.7","6,1015","-4.4","6,1021","-4.4","6,1021","","","","","0.0","6,0410","-5.0","6,0213","-5.0","6,0213","-8.3","6,0210","-11.7","6,0209","    2701.1","1","","","","","","","    2701.1","6","","","","","","","","","","","","","","","","","","","","","","","","","","","","","","","","","","","","","","","","","","","","","","","     11.28","6","     16.69","6","      5.87","6","",""
"USC00351862","1934","44.6341","-123.19","68.6","CORVALLIS STATE UNIVERSITY, OR US","    103.8","","     103.8","6","       115","6","        86","6","         6","6","","","","","         0","6","        11","6","         0","6","       138","6","         6","6","","","","","   -3.3","6,1209, ","","","","","  35.3"," ,6,1229,+","   37.2","6,0902, ","-1.1","6,1206","-3.3","6,1209","","","","","","","-0.6","6,0213","","","","","","","","","    2119.4","4","","","","","","","    2119.4","6","","","","","","","","","","","","","","","","","","","","","","","","","","","","","","","","","","","","","","","","","","","    901.6"," ,6","","","     12.91","6","     18.12","6","      7.69","6","",""
"USC00351862","1935","44.6341","-123.19","68.6","CORVALLIS STATE UNIVERSITY, OR US","    205.0","","     205.0","6","       105","6","        72","6","         2","6","","","","","         0","6","        60","6","         3","6","       136","6","        23","6","","","","","   -9.4","6,1103, ","","","","","  32.5"," ,6,0914, ","   41.1","6,0713, ","-1.1","6,1023","-6.1","6,1101","-6.1","6,1101","-9.4","6,1103","-9.4","6,1103","-1.7","6,0327","-2.2","6,0225","-5.6","6,0121","-8.3","6,0120","","","    2574.1","1","","","","","","","    2574.1","6","","","","","","","","","","","","","","","","","","","","","","","","","","","","","","","","","","","","","","","","","","","    669.7"," ,6","","","     11.46","6","     17.22","6","      5.69","6","",""
"USC00351862","1936","44.6341","-123.19","68.6","CORVALLIS STATE UNIVERSITY, OR US","    170.1","","     170.1","6","       121","6","        77","6","         7","6","","","","","         0","6","        53","6","         0","6","       158","6","         7","6","","","","","   -7.2","6,0208, ","","","","","  64.8"," ,6,0112, ","   33.9","6,0827, ","-1.7","6,1029","-5.6","6,1102","-5.6","6,1102","-6.7","6,1128","","","-1.7","6,0402","-3.9","6,0330","-5.0","6,0218","-7.2","6,0208","","","    2508.0","0","","","","","","","    2508.0","6","","","","","","","","","","","","","","","","","","","","","","","","","","","","","","","","","","","","","","","","","","","    815.7"," ,6","","","     12.32","6","     18.21","6","      6.42","6","",""
"USC00351862","1937","44.6341","-123.19","68.6","CORVALLIS STATE UNIVERSITY, OR US","    169.5","","     169.5","6","       157","6","       112","6","        15","6","","","","","         0","6","        43","6","         3","6","       129","6","        12","6","","","","","  -12.2","6,0108, ","","","","","  64.0"," ,6,1229, ","   36.7","6,0914, ","-1.1","6,1130","","","","","","","","","0.0","6,0318","-6.7","6,0131","-6.7","6,0131","-6.7","6,0131","-10.0","6,0112","    2537.5","5","","","","","","","    2537.5","6","","","","","","","","","","","","","","","","","","","","","","","","","","","","","","","","","","","","","","","","","","","   1474.8"," ,6","","","     12.00","6","     17.31","6","      6.69","6","",""
"USC00351862","1938","44.6341","-123.19","68.6","CORVALLIS STATE UNIVERSITY, OR US","    224.5","","     224.5","6","       143","6","        76","6","         5","6","","","","","         0","6","        45","6","         0","6","       138","6","        21","6","","","","","   -6.1","6,1213, ","","","","","  42.4"," ,6,0318, ","   40.0","6,0721, ","0.0","6,1111","-2.2","6,1112","-5.0","6,1122","","","","","0.0","6,0406","-2.8","6,0216","","","","","","","    2249.9","9","","","","","","","    2249.9","6","","","","","","","","","","","","","","","","","","","","","","","","","","","","","","","","","","","","","","","","","","","    814.7"," ,6","","","     12.40","6","     18.27","6","      6.52","6","",""
"USC00351862","1939","44.6341","-123.19","68.6","CORVALLIS STATE UNIVERSITY, OR US","    205.3","","     205.3","6","       119","6","        64","6","         3","6","","","","","         0","6","        32","6","         0","6","       138","6","        24","6","         1"," ","","","   -3.9","6,1224, ","","","","","  32.5"," ,6,1209, ","   40.0","6,0726, ","0.0","6,1104","-3.9","6,1224","","","","","","","-1.1","6,0310","-2.8","6,0220","","","","","","","    2347.3","3","","","","","","","    2347.3","6","","","","","","","","","","","","","","","","","","","","","","","","","","","","","","","","","","","","","","","","","","","    678.4"," ,6","","","     12.75","6","     18.66","6","      6.84","6","",""
"USC00351862","1940","44.6341","-123.19","68.6","CORVALLIS STATE UNIVERSITY, OR US","    211.7","","     211.7","6","       128","6","        81","6","         9","6","","","","","         0","6","        30","6","         0","6","       155","6","        13","6","","","","","   -6.7","6,1214, ","","","","","  45.7"," ,6,0326, ","   37.8","6,0817, ","-1.7","6,1104","-2.2","6,1116","-5.0","6,1213","-6.7","6,1214","","","0.0","6,0220","-2.2","6,0121","","","","","","","    2021.9","9","","","","","","","    2021.9","6","","","","","","","","","","","","","","","","","","","","","","","","","","","","","","","","","","","","","","","","","","","   1025.8"," ,6","","","     13.17","6","     18.91","6","      7.42","6","",""
"USC00351862","1941","44.6341","-123.19","68.6","CORVALLIS STATE UNIVERSITY, OR US","    196.6","","     196.6","6","","","","","","","","","","","         0","6","        24","6","         0","6","       125","6","        13","6","","","","","   -3.3","6,1126, ","","","","","","","   40.0","6,0716, ","-0.6","6,1117","-2.8","6,1121","","","","","","","-1.1","6,0314","-2.2","6,0103","","","","","","","    2114.0","0","","","","","","","    2114.0","6","","","","","","","","","","","","","","","","","","","","","","","","","","","","","","","","","","","","","","","","","","","","","","","     12.80","6","     18.38","6","      7.23","6","",""
"USC00351862","1942","44.6341","-123.19","68.6","CORVALLIS STATE UNIVERSITY, OR US","    206.8","","     206.8","6","       127","6","        76","6","         8","6","","","","","         0","6","        50","6","         2","6","       141","6","        21","6","","","","","   -8.3","6,0105, ","","","","","  44.2"," ,6,0108, ","   40.0","6,0702, ","-0.6","6,1109","","","","","","","","","-1.7","6,0424","-2.2","6,0225","-5.0","6,0219","-8.3","6,0105","","","    2524.6","6","","","","","","","    2524.6","6","","","","","","","","","","","","","","","","","","","","","","","","","","","","","","","","","","","","","","","","","","","    996.5"," ,6","","","     12.17","6","     18.12","6","      6.23","6","",""
"USC00351862","1943","44.6341","-123.19","68.6","CORVALLIS STATE UNIVERSITY, OR US","    131.0","","     131.0","6","       100","6","        70","6","         4","6","","","","","         0","6","        63","6","         2","6","       135","6","        11","6","","","","","  -11.7","6,0124, ","","","","","  50.3"," ,6,0206, ","   35.0","6,0923,+","0.0","6,1106","-2.2","6,1209","-5.0","6,1217","","","","","-0.6","6,0426","-3.9","6,0131","-4.4","6,0125","-11.7","6,0124","-11.7","6,0124","    2423.7","7","","","","","","","    2423.7","6","","","","","","","","","","","","","","","","","","","","","","","","","","","","","","","","","","","","","","","","","","","    801.0"," ,6","","","     11.73","6","     17.74","6","      5.73","6","",""
"USC00351862","1944","44.6341","-123.19","68.6","CORVALLIS STATE UNIVERSITY, OR US","    157.5","","     157.5","6","        97","6","        66","6","         3","6","","","","","         0","6","        67","6","         0","6","       149","6","        16","6","","","","","   -6.1","6,1214, ","","","","","  40.1"," ,6,0921, ","   39.4","6,0905, ","-0.6","6,1114","-3.3","6,1118","-4.4","6,1212","","","","","-1.1","6,0328","-2.8","6,0314","-5.0","6,0109","","","","","    2543.2","2","","","","","","","    2543.2","6","","","","","","","","","","","","","","","","","","","","","","","","","","","","","","","","","","","","","","","","","","","    584.0"," ,6","","","     11.80","6","     18.07","6","      5.53","6","",""
"USC00351862","1945","44.6341","-123.19","68.6","CORVALLIS STATE UNIVERSITY, OR US","    147.7","","     147.7","6","","","","","","","","","","","         0","6","        42","6","         0","6","       132","6","        18","6","","","","","   -6.7","6,1214, ","","","","","","","   36.7","6,0821,+","0.0","6,1018","-2.2","6,1024","-5.0","6,1213","-6.7","6,1214","","","-0.6","6,0416","-2.2","6,0305","-5.6","6,0128","","","","","    2434.4","4","","","","","","","    2434.4","6","","","","","","","","","","","","","","","","","","","","","","","","","","","","","","","","","","","","","","","","","","","","","","","     11.89","6","     17.96","6","      5.82","6","",""
"USC00351862","1946","44.6341","-123.19","68.6","CORVALLIS STATE UNIVERSITY, OR US","    122.7","","     122.7","6","       145","6","        75","6","         6","6","","","","","         0","6","        64","6","         0","6","       122","6","        21","6","","","","","   -6.7","6,1230, ","","","","","  44.7"," ,6,1020, ","   41.7","6,0720, ","-0.6","6,1016","-2.8","6,1028","-6.7","6,1230","-6.7","6,1230","","","-0.6","6,0430","-2.8","6,0211","","","","","","","    2494.2","2","","","","","","","    2494.2","6","","","","","","","","","","","","","","","","","","","","","","","","","","","","","","","","","","","","","","","","","","","    849.8"," ,6","","","     11.36","6","     17.45","6","      5.26","6","",""
"USC00351862","1947","44.6341","-123.19","68.6","CORVALLIS STATE UNIVERSITY, OR US","     78.5","","      78.5","6","       141","6","        80","6","         6","6","","","","","         0","6","        48","6","         0","6","       139","6","         6","6","","","","","   -7.8","6,0104, ","","","","","  44.5"," ,6,0728, ","   35.0","6,0922,+","-0.6","6,1105","-2.2","6,1122","","","","","","","0.0","6,0411","-2.8","6,0227","-5.6","6,0116","-7.2","6,0115","","","    2518.1","1","","","","","","","    2518.1","6","","","","","","","","","","","","","","","","","","","","","","","","","","","","","","","","","","","","","","","","","","","    862.3"," ,6","","","     12.05","6","     18.15","6","      5.95","6","",""
"USC00351862","1948","44.6341","-123.19","68.6","CORVALLIS STATE UNIVERSITY, OR US","    109.3","","     109.3","0","       158","0","        92","0","         7","0","","","","","         0","0","        70","0","         0","0","       125","0","        12","0","         2"," ","","","   -7.2","0,1226, ","","","","","  51.6"," ,0,0106, ","   36.1","0,0909, ","-0.6","6,1027","-2.2","0,1109","-6.1","0,1216","-6.7","0,1218","","","-2.2","6,0427","-2.2","6,0427","-5.0","6,0212","-6.7","6,0206","","","    2609.2","2","","","","","","","    2609.2","0","","","","","","","","","","","","","","","","","","","","","","","","","","","","","","","","","","","","","","","","","","","   1020.3"," ,0","","","     10.86","0","     16.53","0","      5.19","0","",""
"USC00351862","1949","44.6341","-123.19","68.6","CORVALLIS STATE UNIVERSITY, OR US","","","","","","","","","","","","","","","","","","","","","","","","","        12"," ","","","","","","","","","","","","","","","","","","","","","","","","","","","","","","","","","","","","","","","","","","","","","","","","","","","","","","","","","","","","","","","","","","","","","","","","","","","","","","","","","","","","","","","","","","","","","","","",""
"USC00351862","1950","44.6341","-123.19","68.6","CORVALLIS STATE UNIVERSITY, OR US","    187.8","","     187.8","0","       171","0","       113","0","         8","0","","","","","         1","0","        44","0","         9","0","       126","0","        18","0","         2"," ","         1"," ","  -18.3","0,0131, ","","","","","  43.7"," ,0,1116, ","   37.2","0,0821, ","-1.1","0,1110","-2.2","0,1113","","","","","","","0.0","0,0426","-2.8","0,0312","-11.1","0,0204","-11.1","0,0204","-11.1","0,0204","    2732.7","7","","","","","","","    2732.7","0","","","","","","","","","","","","","","","","","","","","","","","","","","","","","","","","","","","","","","","","","","","   1235.0"," ,0","","","     11.62","0","     17.33","0","      5.91","0","",""
"USC00351862","1951","44.6341","-123.19","68.6","CORVALLIS STATE UNIVERSITY, OR US","    146.9","","     146.9","0","       135","0","        86","0","         7","0","","","","","         0","0","        48","0","         1","0","       142","0","        20","0","         2"," ","","","   -7.8","0,0130,+","","","","","  46.7"," ,0,1023, ","   37.2","0,0819,+","-0.6","0,1101","-2.2","0,1207","-4.4","0,1224","","","","","0.0","0,0424","-2.2","0,0310","-4.4","0,0131","-7.8","0,0130","","","    2355.1","1","","","","","","","    2355.1","0","","","","","","","","","","","","","","","","","","","","","","","","","","","","","","","","","","","","","","","","","","","    973.2"," ,0","","","     11.82","0","     18.07","0","      5.56","0","",""
"USC00351862","1952","44.6341","-123.19","68.6","CORVALLIS STATE UNIVERSITY, OR US","    119.9","","     119.9","0","       118","0","        77","0","         3","0","","","         2","0","         0","0","        60","0","         1","0","       143","0","        19","0","        12"," ","","","   -9.4","0,1127, ","","","    64"," ,0,0121, ","  54.4"," ,0,0629, ","   37.8","0,0804, ","0.0","0,1102","-2.2","0,1108","-6.7","0,1123","-6.7","0,1123","-9.4","0,1127","0.0","0,0504","-4.4","0,0221","-4.4","0,0221","","","","","    2594.2","2","","","","","","","    2594.2","0","","","","","","","","","","","","","","","","","","","","","","","","","","","","","","","","","","","","","","","","","","","    703.8"," ,0","      154"," ,0","     11.28","0","     17.68","0","      4.88","0","",""
"USC00351862","1953","44.6341","-123.19","68.6","CORVALLIS STATE UNIVERSITY, OR US","     80.5","","      80.5","0","       170","0","       114","0","        11","0","        0","","         0","0","         0","0","        34","0","         0","0","       103","0","         8","0","         3"," ","","","   -3.9","0,0224, ","     0"," ,0,1231,+","     0"," ,0,1231,+","  40.6"," ,0,1122, ","   34.4","0,0812, ","0.0","0,1102","-2.2","0,1103","","","","","","","0.0","0,0411","-2.8","0,0304","","","","","","","    2745.7","7","","","","","","","    2745.7","0","","","","","","","","","","","","","","","","","","","","","","","","","","","","","","","","","","","","","","","","","","","   1275.4"," ,0","        0"," ,0","     11.25","0","     16.67","0","      5.82","0","",""
"USC00351862","1954","44.6341","-123.19","68.6","CORVALLIS STATE UNIVERSITY, OR US","     23.4","","      23.4","0","       154","0","        90","0","         7","0","","","         5","0","         0","0","        81","0","         0","0","       104","0","         0","0","        12"," ","","","   -8.3","0,0120, ","","","   165"," ,0,0126, ","  48.5"," ,0,1117, ","   30.0","0,0802, ","-1.1","0,1002","-2.8","0,1026","-4.4","0,1218","","","","","-1.7","0,0501","-2.8","0,0429","-6.1","0,0125","-8.3","0,0120","","","    2773.5","5","","","","","","","    2773.5","0","","","","","","","","","","","","","","","","","","","","","","","","","","","","","","","","","","","","","","","","","","","   1160.8"," ,0","      371"," ,0","     10.45","0","     16.24","0","      4.66","0","     25650","0"
"USC00351862","1955","44.6341","-123.19","68.6","CORVALLIS STATE UNIVERSITY, OR US","     65.9","","      65.9","0","       166","0","       105","0","         8","0","        5","","         3","0","         0","0","        77","0","         4","0","        99","0","         7","0","         8"," ","","","  -10.0","0,1115, ","   203"," ,0,1117, ","   114"," ,0,1117, ","  45.2"," ,0,1119, ","   37.8","0,0905, ","-5.0","0,1112","-5.0","0,1112","-5.0","0,1112","-8.9","0,1114","-8.9","0,1114","-1.1","0,0427","-2.8","0,0323","-5.6","0,0320","","","","","    3051.6","6","","","","","","","    3051.6","0","","","","","","","","","","","","","","","","","","","","","","","","","","","","","","","","","","","","","","","","","","","   1175.3"," ,0","      261"," ,0","      9.78","0","     15.38","0","      4.17","0","     33651","0"
"USC00351862","1956","44.6341","-123.19","68.6","CORVALLIS STATE UNIVERSITY, OR US","    127.0","","     127.0","0","       146","0","        93","0","         8","0","","","","","         0","0","        68","0","         8","0","       117","0","        16","0","        15"," ","","","   -9.4","0,1207, ","","","","","  58.9"," ,0,0104, ","   40.0","0,0720, ","0.0","0,1028","-3.9","0,1120","-4.4","0,1123","-6.7","0,1201","-9.4","0,1207","-2.2","0,0405","-2.2","0,0405","-5.0","0,0307","-6.7","0,0217","","","    2958.3","3","","","","","","","    2958.3","0","","","","","","","","","","","","","","","","","","","","","","","","","","","","","","","","","","","","","","","","","","","   1031.4"," ,0","","","     10.56","0","     16.28","0","      4.85","0","     40007","0"
"USC00351862","1957","44.6341","-123.19","68.6","CORVALLIS STATE UNIVERSITY, OR US","     60.1","","      60.1","0","       147","0","        92","0","         4","0","        6","","         1","0","         0","0","        62","0","         6","0","       124","0","         5","0","        10"," ","","","  -13.9","0,0127, ","    51"," ,0,0125,+","    58"," ,0,0124, ","  46.7"," ,0,1220, ","   34.4","0,0915, ","-1.1","0,1101","-5.0","0,1104","-5.0","0,1104","","","","","-1.1","0,0407","-2.2","0,0218","-5.0","0,0131","-11.1","0,0130","-11.1","0,0130","    2883.5","5","","","","","","","    2883.5","0","","","","","","","","","","","","","","","","","","","","","","","","","","","","","","","","","","","","","","","","","","","    999.2"," ,0","       92"," ,0","     10.82","0","     16.54","0","      5.09","0","",""
"USC00351862","1958","44.6341","-123.19","68.6","CORVALLIS STATE UNIVERSITY, OR US","    244.5","","     244.5","0","       167","0","       103","0","         6","0","        0","","         0","0","         0","0","        39","0","         1","0","       141","0","        27","0","","","","","   -5.6","0,1128, ","     0"," ,0,1231,+","     0"," ,0,1231,+","  45.2"," ,0,1119, ","   39.4","0,0728, ","0.0","0,1115","-3.9","0,1116","-5.6","0,1128","","","","","0.0","0,0405","-2.2","0,0316","","","","","","","    2547.7","7","","","","","","","    2547.7","0","","","","","","","","","","","","","","","","","","","","","","","","","","","","","","","","","","","","","","","","","","","   1086.2"," ,0","        0"," ,0","     12.48","0","     18.39","0","      6.57","0","     24434","0"
"USC00351862","1959","44.6341","-123.19","68.6","CORVALLIS STATE UNIVERSITY, OR US","    108.6","","     108.6","0","","","","","","","        3","","         1","0","         0","0","        59","0","         3","0","       106","0","        14","0","        16"," ","","","   -7.8","0,1114,+","   203"," ,0,0214, ","   185"," ,0,0214, ","","","   37.8","0,0720, ","-1.1","0,1029","-4.4","0,1106","-4.4","0,1106","-7.8","0,1114","","","-1.1","0,0415","-2.2","0,0406","-4.4","0,0212","-7.8","0,0104","","","    2578.7","7","","","","","","","    2578.7","0","","","","","","","","","","","","","","","","","","","","","","","","","","","","","","","","","","","","","","","","","","","","","      185"," ,0","     10.94","0","     16.70","0","      5.19","0","     20928","0"
"USC00351862","1960","44.6341","-123.19","68.6","CORVALLIS STATE UNIVERSITY, OR US","    114.0","","     114.0","0","       165","0","        97","0","         6","0","","","         2","0","         0","0","        66","0","         4","0","       127","0","        15","0","         5"," ","","","   -6.1","0,0301,+","","","   102"," ,0,0303, ","  52.6"," ,0,1124, ","   38.9","0,0809, ","0.0","0,1029","-2.8","0,1205","-5.6","0,1209","","","","","0.0","0,0522","-3.3","0,0304","-5.0","0,0303","","","","","    2916.2","2","","","","","","","    2916.2","0","","","","","","","","","","","","","","","","","","","","","","","","","","","","","","","","","","","","","","","","","","","   1092.1"," ,0","      178"," ,0","     10.66","0","     16.60","0","      4.72","0","     27278","0"
"USC00351862","1961","44.6341","-123.19","68.6","CORVALLIS STATE UNIVERSITY, OR US","    169.0","","     169.0","0","       172","0","       103","0","         6","0","        0","","         0","0","         0","0","        44","0","         0","0","       115","0","        17","0","         1"," ","","","   -7.2","0,1211, ","     0"," ,0,1231,+","     0"," ,0,1231,+","  70.1"," ,0,0210, ","   39.4","0,0713, ","-0.6","0,1008","-2.8","0,1106","-6.1","0,1117","-7.2","0,1211","","","0.0","0,0410","-2.2","0,0226","-4.4","0,0122","","","","","    2651.7","7","","","","","","","    2651.7","0","","","","","","","","","","","","","","","","","","","","","","","","","","","","","","","","","","","","","","","","","","","   1123.0"," ,0","        0"," ,0","     11.42","0","     17.19","0","      5.65","0","",""
"USC00351862","1962","44.6341","-123.19","68.6","CORVALLIS STATE UNIVERSITY, OR US","     77.3","","      77.3","0","       139","0","        90","0","         4","0","","","         3","0","         0","0","        52","0","         3","0","       107","0","        13","0","","","","","  -11.7","0,0123, ","","","    58"," ,0,0302, ","  65.0"," ,0,1126, ","   35.6","0,0728, ","0.0","0,1123","-4.4","0,1225","-4.4","0,1225","-6.7","0,1226","","","-1.1","0,0410","-2.2","0,0313","-7.8","0,0227","-7.8","0,0227","-11.7","0,0123","    2967.7","7","","","","","","","    2967.7","0","","","","","","","","","","","","","","","","","","","","","","","","","","","","","","","","","","","","","","","","","","","    879.1"," ,0","      147"," ,0","     10.69","0","     16.33","0","      5.04","0","",""
"USC00351862","1963","44.6341","-123.19","68.6","CORVALLIS STATE UNIVERSITY, OR US","     88.3","","      88.3","0","       155","0","        88","0","         8","0","        2","","         0","0","         0","0","        66","0","         5","0","       109","0","         6","0","","","","","  -10.6","0,0113,+","    76"," ,0,0129, ","     0","T,0,0415, ","  48.3"," ,0,0330, ","   34.4","0,0909,+","-1.1","0,1019","-3.3","0,1129","-4.4","0,1213","","","","","-1.1","0,0402","-3.3","0,0313","-5.0","0,0130","-6.7","0,0127","-10.6","0,0113","    2801.8","8","","","","","","","    2801.8","0","","","","","","","","","","","","","","","","","","","","","","","","","","","","","","","","","","","","","","","","","","","    980.1"," ,0","        0","T,0","     10.81","0","     16.26","0","      5.35","0","",""
"USC00351862","1964","44.6341","-123.19","68.6","CORVALLIS STATE UNIVERSITY, OR US","     70.5","","      70.5","0","       166","0","        93","0","         8","0","","","         4","0","         0","0","        63","0","         2","0","       104","0","         9","0","","","","","  -12.2","0,1218,+","","","    38"," ,0,1219, ","  55.4"," ,0,1221, ","   34.4","0,0712, ","-0.6","0,1017","-2.2","0,1106","-12.2","0,1217","-12.2","0,1217","-12.2","0,1217","0.0","0,0506","-2.2","0,0417","-4.4","0,0226","","","","","    2905.7","7","","","","","","","    2905.7","0","","","","","","","","","","","","","","","","","","","","","","","","","","","","","","","","","","","","","","","","","","","   1136.1"," ,0","      147"," ,0","     10.22","0","     15.85","0","      4.59","0","",""
"USC00351862","1965","44.6341","-123.19","68.6","CORVALLIS STATE UNIVERSITY, OR US","    114.9","","     114.9","0","       120","0","        71","0","         9","0","        0","","         1","0","         0","0","        47","0","         4","0","       121","0","         8","0","","","","","   -6.1","0,1220, ","     0"," ,0,1231,+","   127"," ,0,1230, "," 108.7"," ,0,0128, ","   38.3","0,0801, ","0.0","0,1125","-3.3","0,1213","-5.6","0,1216","","","","","0.0","0,0506","-2.2","0,0319","","","","","","","    2842.0","0","","","","","","","    2842.0","0","","","","","","","","","","","","","","","","","","","","","","","","","","","","","","","","","","","","","","","","","","","    943.0"," ,0","      157"," ,0","     11.28","0","     17.08","0","      5.47","0","",""
"USC00351862","1966","44.6341","-123.19","68.6","CORVALLIS STATE UNIVERSITY, OR US","    111.0","","     111.0","0","       149","0","        89","0","         9","0","        0","","         2","0","         0","0","        48","0","         1","0","       130","0","         8","0","","","","","   -3.9","0,0120,+","     0"," ,0,1231,+","    25"," ,0,0122,+","  60.5"," ,0,0104, ","   36.7","0,0616, ","-1.1","0,1013","","","","","","","","","-0.6","0,0427","-2.2","0,0303","","","","","","","    2702.6","6","","","","","","","    2702.6","0","","","","","","","","","","","","","","","","","","","","","","","","","","","","","","","","","","","","","","","","","","","   1015.9"," ,0","       50"," ,0","     11.37","0","     17.21","0","      5.53","0","",""
"USC00351862","1967","44.6341","-123.19","68.6","CORVALLIS STATE UNIVERSITY, OR US","    206.6","","     206.6","0","       141","0","        76","0","         8","0","        0","","         1","0","         0","0","        48","0","         0","0","       130","0","        27","0","","","","","   -5.0","0,1216, ","     0"," ,0,1231,+","    25"," ,0,1218, ","  55.1"," ,0,0128, ","   37.2","0,0810,+","-1.1","0,1123","-2.2","0,1212","-5.0","0,1216","","","","","0.0","0,0430","-2.2","0,0306","","","","","","","    2643.3","3","","","","","","","    2643.3","0","","","","","","","","","","","","","","","","","","","","","","","","","","","","","","","","","","","","","","","","","","","    902.3"," ,0","       41"," ,0","     11.72","0","     17.95","0","      5.50","0","",""
"USC00351862","1968","44.6341","-123.19","68.6","CORVALLIS STATE UNIVERSITY, OR US","     96.9","","      96.9","0","       181","0","       115","0","        11","0","        6","","         3","0","         0","0","        46","0","         2","0","       100","0","        11","0","","","","","  -12.2","0,1231, ","   203"," ,0,0129, ","   140"," ,0,0129, ","  54.9"," ,0,1210, ","   36.7","0,0801, ","-1.1","0,1104","-2.2","0,1115","-4.4","0,1220","-11.7","0,1230","-11.7","0,1230","-0.6","0,0424","-2.2","0,0419","-4.4","0,0413","","","","","    2523.0","0","","","","","","","    2523.0","0","","","","","","","","","","","","","","","","","","","","","","","","","","","","","","","","","","","","","","","","","","","   1492.2"," ,0","      332"," ,0","     11.01","0","     16.70","0","      5.33","0","",""
"USC00351862","1969","44.6341","-123.19","68.6","CORVALLIS STATE UNIVERSITY, OR US","     93.1","","      93.1","0","       143","0","        86","0","         9","0","","","         5","0","         0","0","        70","0","         6","0","       116","0","        11","0","","","","","  -11.1","0,0128, ","","","   203"," ,0,0127,+","  60.2"," ,0,1212, ","   36.1","0,0618, ","-0.6","0,1126","-3.3","0,1127","-4.4","0,1128","","","","","-0.6","0,0420","-2.8","0,0314","-4.4","0,0207","-6.7","0,0129","-11.1","0,0128","    2880.6","6","","","","","","","    2880.6","0","","","","","","","","","","","","","","","","","","","","","","","","","","","","","","","","","","","","","","","","","","","   1080.5"," ,0","      623"," ,0","     10.75","0","     16.47","0","      5.03","0","",""
"USC00351862","1970","44.6341","-123.19","68.6","CORVALLIS STATE UNIVERSITY, OR US","    127.3","","     127.3","0","       142","0","        96","0","        12","0","        0","","         0","0","         0","0","        64","0","         1","0","       115","0","        12","0","","","","","   -5.0","0,0106, ","     0"," ,0,1231,+","    13"," ,0,1220, ","  49.0"," ,0,0216, ","   36.1","0,0812, ","-1.7","0,1007","-2.2","0,1029","","","","","","","-0.6","0,0507","-2.2","0,0402","-5.0","0,0106","","","","","    2742.5","5","","","","","","","    2742.5","0","","","","","","","","","","","","","","","","","","","","","","","","","","","","","","","","","","","","","","","","","","","   1348.6"," ,0","       13"," ,0","     11.08","0","     17.12","0","      5.04","0","",""
"USC00351862","1971","44.6341","-123.19","68.6","CORVALLIS STATE UNIVERSITY, OR US","    117.0","","     117.0","0","       177","0","       112","0","        11","0","       11","","         7","0","         0","0","        61","0","         2","0","       107","0","        12","0","","","","","  -11.1","0,0301, ","   229"," ,0,0114,+","   165"," ,0,0113, ","  59.4"," ,0,1126, ","   38.3","0,0812, ","-1.1","0,1017","-3.9","0,1028","-4.4","0,1106","","","","","0.0","0,0424","-2.8","0,0308","-7.8","0,0302","-7.8","0,0302","-11.1","0,0301","    2957.6","6","","","","","","","    2957.6","0","","","","","","","","","","","","","","","","","","","","","","","","","","","","","","","","","","","","","","","","","","","   1452.2"," ,0","      720"," ,0","     10.33","0","     15.89","0","      4.77","0","",""
"USC00351862","1972","44.6341","-123.19","68.6","CORVALLIS STATE UNIVERSITY, OR US","    193.3","","     193.3","0","       165","0","       102","0","         9","0","       11","","         3","0","         4","0","        58","0","        12","0","       127","0","        25","0","","","","","  -21.1","0,1209, ","   178"," ,0,1215,+","   152"," ,0,1206, ","  68.8"," ,0,0121, ","   40.6","0,0808, ","0.0","0,0927","-2.8","0,1030","-4.4","0,1204","-6.7","0,1206","-11.1","0,1207","-1.1","0,0430","-2.2","0,0329","-6.1","0,0204","-7.2","0,0203","-8.9","0,0128","    2837.0","0","","","","","","","    2837.0","0","","","","","","","","","","","","","","","","","","","","","","","","","","","","","","","","","","","","","","","","","","","   1196.2"," ,0","      249"," ,0","     11.13","0","     17.06","0","      5.20","0","",""
"USC00351862","1973","44.6341","-123.19","68.6","CORVALLIS STATE UNIVERSITY, OR US","    134.5","","     134.5","0","       168","0","       100","0","        11","0","        0","","         0","0","         0","0","        47","0","         1","0","       116","0","        13","0","","","","","   -6.7","0,0107, ","     0","T,0,1105,+","     5"," ,0,0105, ","  56.4"," ,0,1116, ","   37.2","0,0715, ","-1.7","0,1102","-2.8","0,1103","","","","","","","0.0","0,0430","-2.8","0,0219","-5.0","0,0127","-6.7","0,0107","","","    2742.5","5","","","","","","","    2742.5","0","","","","","","","","","","","","","","","","","","","","","","","","","","","","","","","","","","","","","","","","","","","   1307.0"," ,0","        5"," ,0","     11.33","0","     17.04","0","      5.61","0","",""
"USC00351862","1974","44.6341","-123.19","68.6","CORVALLIS STATE UNIVERSITY, OR US","    149.3","","     149.3","0","       158","0","        97","0","         8","0","        0","","         0","0","         0","0","        47","0","         5","0","       121","0","        21","0","","","","","  -12.8","0,0110,+","     0","T,0,0222,+","    10"," ,0,0112, ","  69.6"," ,0,0115, ","   36.1","0,0925, ","0.0","0,1008","-2.2","0,1130","","","","","","","-1.1","0,0412","-2.8","0,0309","-6.1","0,0113","-10.6","0,0112","-10.6","0,0112","    2816.0","0","","","","","","","    2816.0","0","","","","","","","","","","","","","","","","","","","","","","","","","","","","","","","","","","","","","","","","","","","   1290.4"," ,0","       18"," ,0","     11.17","0","     17.15","0","      5.18","0","",""
"USC00351862","1975","44.6341","-123.19","68.6","CORVALLIS STATE UNIVERSITY, OR US","     83.4","","      83.4","0","       167","0","       104","0","         4","0","        1","","         2","0","         0","0","        64","0","         1","0","       112","0","         8","0","","","","","   -3.9","0,1221,+","    76"," ,0,0109, ","    64"," ,0,0109, ","  50.8"," ,0,1204, ","   35.0","0,0727, ","0.0","0,1031","-2.2","0,1112","","","","","","","-0.6","0,0520","-2.8","0,0406","","","","","","","    2764.9","9","","","","","","","    2764.9","0","","","","","","","","","","","","","","","","","","","","","","","","","","","","","","","","","","","","","","","","","","","    990.5"," ,0","      126"," ,0","     10.71","0","     16.36","0","      5.05","0","",""
"USC00351862","1976","44.6341","-123.19","68.6","CORVALLIS STATE UNIVERSITY, OR US","     84.2","","      84.2","0","       134","0","        73","0","         2","0","        0","","         0","0","         0","0","        69","0","         0","0","       111","0","         4","0","","","","","   -5.0","0,1201,+","     0"," ,0,1231,+","     0","T,0,0415,+","  51.6"," ,0,0225, ","   33.3","0,0729,+","-0.6","0,1020","-2.2","0,1126","-4.4","0,1128","","","","","-0.6","0,0423","-3.3","0,0312","-4.4","0,0205","","","","","    2881.5","5","","","","","","","    2881.5","0","","","","","","","","","","","","","","","","","","","","","","","","","","","","","","","","","","","","","","","","","","","    755.8"," ,0","        0","T,0","     10.64","0","     16.51","0","      4.78","0","",""
"USC00351862","1977","44.6341","-123.19","68.6","CORVALLIS STATE UNIVERSITY, OR US","    126.1","","     126.1","0","       150","0","        95","0","         9","0","        2","","         1","0","         0","0","        62","0","         1","0","       106","0","        15","0","","","","","   -8.9","0,0109, ","    76"," ,0,1122, ","    84"," ,0,1122, ","  50.8"," ,0,1125, ","   40.0","0,0813, ","-1.7","0,1104","-3.3","0,1108","","","","","","","0.0","0,0418","-2.2","0,0314","-5.0","0,0204","-6.7","0,0130","-8.9","0,0109","    2806.0","0","","","","","","","    2806.0","0","","","","","","","","","","","","","","","","","","","","","","","","","","","","","","","","","","","","","","","","","","","   1064.9"," ,0","       84"," ,0","     11.04","0","     17.05","0","      5.02","0","",""
"USC00351862","1978","44.6341","-123.19","68.6","CORVALLIS STATE UNIVERSITY, OR US","    144.6","","     144.6","0","       169","0","       101","0","         4","0","        2","","         2","0","         0","0","        67","0","         4","0","       106","0","        13","0","","","","","  -10.0","0,1231,+","    25"," ,0,1231,+","    28"," ,0,1221, ","  38.6"," ,0,0106, ","   39.4","0,0809, ","-0.6","0,1022","-2.2","0,1026","-5.0","0,1112","-7.8","0,1113","-10.0","0,1230","-0.6","0,0505","-2.2","0,0103","","","","","","","    2479.0","0","","","","","","","    2479.0","0","","","","","","","","","","","","","","","","","","","","","","","","","","","","","","","","","","","","","","","","","","","    956.9"," ,0","       73"," ,0","     11.21","0","     16.65","0","      5.78","0","",""
"USC00351862","1979","44.6341","-123.19","68.6","CORVALLIS STATE UNIVERSITY, OR US","    104.6","","     104.6","0","       163","0","        94","0","         7","0","        0","","         0","0","         0","0","        49","0","         9","0","       131","0","        11","0","","","","","  -11.1","0,0101, ","     0","T,0,0203,+","    13"," ,0,0128, ","  45.7"," ,0,0207, ","   38.9","0,0717, ","0.0","0,1114","-2.2","0,1115","","","","","","","0.0","0,0322","-9.4","0,0203","-9.4","0,0203","-9.4","0,0203","-9.4","0,0203","    2969.4","4","","","","","","","    2969.4","0","","","","","","","","","","","","","","","","","","","","","","","","","","","","","","","","","","","","","","","","","","","   1069.1"," ,0","       29"," ,0","     11.25","0","     17.03","0","      5.46","0","",""
"USC00351862","1980","44.6341","-123.19","68.6","CORVALLIS STATE UNIVERSITY, OR US","     79.4","","      79.4","0","       173","0","        98","0","         8","0","        2","","         2","0","         0","0","        49","0","         4","0","       120","0","         8","0","","","","","  -10.6","0,0130, ","    25"," ,0,0111,+","    28"," ,0,0111, ","  51.8"," ,0,1225, ","   36.7","0,0722, ","-1.1","0,1111","-3.9","0,1208","","","","","","","-0.6","0,0403","-2.8","0,0212","-7.2","0,0131","-7.2","0,0131","-10.6","0,0130","    2665.1","1","","","","","","","    2665.1","0","","","","","","","","","","","","","","","","","","","","","","","","","","","","","","","","","","","","","","","","","","","   1071.1"," ,0","       73"," ,0","     11.17","0","     16.97","0","      5.36","0","",""
"USC00351862","1981","44.6341","-123.19","68.6","CORVALLIS STATE UNIVERSITY, OR US","    144.1","","     144.1","0","       182","0","        97","0","         7","0","        1","","         0","0","         0","0","        38","0","         0","0","       109","0","        16","0","","","","","   -2.8","0,0305,+","    25"," ,0,1231, ","    18"," ,0,1231, ","  69.3"," ,0,1206, ","   42.2","0,0810, ","0.0","0,1021","-2.2","0,1230","","","","","","","-0.6","0,0406","-2.8","0,0305","","","","","","","    2609.7","7","","","","","","","    2609.7","0","","","","","","","","","","","","","","","","","","","","","","","","","","","","","","","","","","","","","","","","","","","   1196.8"," ,0","       23"," ,0","     11.45","0","     17.17","0","      5.73","0","",""
"USC00351862","1982","44.6341","-123.19","68.6","CORVALLIS STATE UNIVERSITY, OR US","    123.0","","     123.0","0","       160","0","       101","0","         8","0","        6","","         3","0","         0","0","        59","0","         3","0","       121","0","        11","0","","","","","   -8.9","0,0107, ","    51"," ,0,0223,+","    51"," ,0,0223, ","  47.8"," ,0,1216, ","   36.1","0,0825,+","-0.6","0,1102","-3.3","0,1111","-5.0","0,1230","","","","","-0.6","0,0429","-6.1","0,0211","-6.1","0,0211","-7.2","0,0210","-8.9","0,0107","    2737.3","3","      22.8","0,0,1","      22.2","0,0,2","      22.8","0,0,3","    2737.3","0","      36.1","0,0,1","      30.6","0,0,2","      27.2","0,0,3","","","","","       0.0","0,0,1","       0.0","0,0,2","       1.1","0,0,3","       1.1","0,0,1","       1.7","0,0,2","       1.7","0,0,3","","","","","       9.5","0,0,1","      10.3","0,0,2","      10.9","0,0,3","      17.3","0,0,1","      14.7","0,0,2","      12.7","0,0,3","","","","","   1187.9"," ,0","      129"," ,0","     10.88","0","     16.50","0","      5.26","0","",""
"USC00351862","1983","44.6341","-123.19","68.6","CORVALLIS STATE UNIVERSITY, OR US","     74.9","","      74.9","0","       194","0","       126","0","         6","0","        8","","         3","0","         0","0","        35","0","         5","0","       113","0","         3","0","","","","","  -11.7","0,1224,+","   102"," ,0,1225, ","    51"," ,0,1224, ","  54.9"," ,0,0104, ","   35.6","0,0529, ","-1.1","0,1016","-2.2","0,1220","-8.9","0,1221","-8.9","0,1221","-8.9","0,1221","0.0","0,0414","-2.2","0,0205","-5.0","0,0101","","","","","    2585.0","0","      21.7","0,0,1","      21.7","0,0,2","      22.8","0,0,3","    2585.0","0","      35.6","0,0,1","      30.0","0,0,2","      25.6","0,0,3","","","","","      -3.9","0,0,1","      -0.6","0,0,2","       0.6","0,0,3","      -1.1","0,0,1","       0.6","0,0,2","       1.1","0,0,3","","","","","      10.2","0,0,1","      10.9","0,0,2","      11.3","0,0,3","      17.6","0,0,1","      14.9","0,0,2","      12.9","0,0,3","","","","","   1411.2"," ,0","      119"," ,0","     11.35","0","     16.53","0","      6.17","0","",""
"USC00351862","1984","44.6341","-123.19","68.6","CORVALLIS STATE UNIVERSITY, OR US","     83.9","","      83.9","0","       180","0","       106","0","         5","0","        0","","         0","0","         0","0","        37","0","         1","0","       110","0","         8","0","","","","","   -8.9","0,1220, ","     0","T,0,0121,+","     0","T,0,1018,+","  68.1"," ,0,1102, ","   35.0","0,0717, ","-1.7","0,1126","-3.9","0,1206","-6.7","0,1219","-6.7","0,1219","-8.9","0,1220","0.0","0,0506","-2.2","0,0204","-4.4","0,0121","","","","","    2780.8","8","      21.1","0,0,1","      22.2","0,0,2","      22.8","0,0,3","    2780.8","0","      37.2","0,0,1","      31.1","0,0,2","      26.1","0,0,3","","","","","      -0.6","0,0,1","       1.1","0,0,2","       0.6","0,0,3","       0.0","0,0,1","       1.1","0,0,2","       0.6","0,0,3","","","","","       9.6","0,0,1","      10.6","0,0,2","      10.9","0,0,3","      17.7","0,0,1","      15.0","0,0,2","      12.7","0,0,3","","","","","   1234.7"," ,0","        0","T,0","     10.92","0","     16.49","0","      5.35","0","",""
"USC00351862","1985","44.6341","-123.19","68.6","CORVALLIS STATE UNIVERSITY, OR US","    143.1","","     143.1","0","       120","0","        57","0","         4","0","        6","","         3","0","         0","0","       106","0","         8","0","       118","0","        19","0","","","","","   -9.4","0,1125, ","   203"," ,0,1202, ","   165"," ,0,1202, ","  35.3"," ,0,1202, ","   37.2","0,0720, ","-0.6","0,1013","-2.2","0,1112","-5.6","0,1113","-7.2","0,1123","-8.9","0,1124","-1.1","0,0512","-2.2","0,0511","-6.7","0,0205","-6.7","0,0205","","","    2902.8","8","      22.8","0,0,1","      23.3","0,0,2","      23.9","0,0,3","    2902.8","0","      38.3","0,0,1","      32.2","0,0,2","      27.2","0,0,3","","","","","      -1.1","0,0,1","       0.6","0,0,2","       0.6","0,0,3","       0.0","0,0,1","       0.6","0,0,2","       0.6","0,0,3","","","","","       9.1","0,0,1","      10.1","0,0,2","      10.6","0,0,3","      17.4","0,0,1","      14.6","0,0,2","      12.3","0,0,3","","","","","    690.4"," ,0","      305"," ,0","     10.21","0","     16.35","0","      4.06","0","",""
"USC00351862","1986","44.6341","-123.19","68.6","CORVALLIS STATE UNIVERSITY, OR US","    176.6","","     176.6","0","       170","0","        96","0","         7","0","","","","","         0","0","        40","0","         0","0","       121","0","        18","0","","","","","   -3.3","0,1216,+","","","","","  50.0"," ,0,0222, ","   36.1","0,0809,+","0.0","0,1110","-3.3","0,1210","","","","","","","-1.1","0,0424","-2.2","0,0210","","","","","","","    2821.7","7","      22.8","0,0,1","      23.3","0,0,2","      23.9","0,0,3","    2821.7","0","      37.8","0,0,1","      31.7","0,0,2","      28.9","0,0,3","","","","","      -0.6","0,0,1","       0.0","0,0,2","       0.6","0,0,3","       0.6","0,0,1","       1.1","0,0,2","       0.6","0,0,3","","","","","      10.8","0,0,1","      11.5","0,0,2","      12.2","0,0,3","      18.6","0,0,1","      15.9","0,0,2","      13.9","0,0,3","","","","","   1112.5"," ,0","","","     11.83","0","     17.51","0","      6.15","0","",""
"USC00351862","1987","44.6341","-123.19","68.6","CORVALLIS STATE UNIVERSITY, OR US","    174.7","","     174.7","0","       140","0","        79","0","         5","0","","","","","         0","0","        47","0","         2","0","       145","0","        23","0","","","","","   -5.0","0,1226,+","","","","","  72.9"," ,0,1203, ","   38.3","0,0901, ","-1.1","0,1129","-2.8","0,1224","-5.0","0,1226","","","","","-0.6","0,0419","-2.2","0,0327","-5.0","0,0117","","","","","    2543.4","4","      22.2","0,0,1","      23.3","0,0,2","      23.9","0,0,3","    2543.4","0","      37.2","0,0,1","      32.2","0,0,2","      27.2","0,0,3","","","","","       0.0","0,0,1","       1.1","0,0,2","       1.1","0,0,3","       1.1","0,0,1","       1.7","0,0,2","       1.7","0,0,3","","","","","      10.8","0,0,1","      11.8","0,0,2","      12.6","0,0,3","      19.4","0,0,1","      16.5","0,0,2","      14.4","0,0,3","","","","","    959.1"," ,0","","","     12.09","0","     18.26","0","      5.92","0","",""
"USC00351862","1988","44.6341","-123.19","68.6","CORVALLIS STATE UNIVERSITY, OR US","    150.1","","     150.1","0","       158","0","        90","0","         6","0","","","","","         0","0","        53","0","         0","0","       122","0","        20","0","","","","","   -5.0","0,1218,+","","","","","  38.9"," ,0,0111, ","   39.4","0,0903, ","-0.6","0,1028","-2.8","0,1217","-5.0","0,1218","","","","","-0.6","0,0425","-2.2","0,0223","-4.4","0,0103","","","","","    2599.8","8","      21.7","0,0,1","      23.9","0,0,2","      24.4","0,0,3","    2599.8","0","      37.8","0,0,1","      33.9","0,0,2","      27.2","0,0,3","","","","","       1.1","0,0,1","       1.7","0,0,2","       1.7","0,0,3","       1.7","0,0,1","       2.2","0,0,2","       1.7","0,0,3","","","","","      10.5","0,0,1","      11.7","0,0,2","      12.0","0,0,3","      18.6","0,0,1","      16.1","0,0,2","      13.7","0,0,3","","","","","    954.5"," ,0","","","     11.59","0","     17.40","0","      5.78","0","",""
"USC00351862","1989","44.6341","-123.19","68.6","CORVALLIS STATE UNIVERSITY, OR US","    102.9","","     102.9","0","       130","0","        85","0","         2","0","","","         3","0","         0","0","        61","0","         3","0","       139","0","         6","0","","","","","  -13.9","0,0204, ","","","   127"," ,0,0202, ","  47.8"," ,0,1205, ","   34.4","0,0923,+","0.0","0,1015","-2.8","0,1102","","","","","","","0.0","0,0320","-2.2","0,0216","-5.6","0,0209","-8.3","0,0208","-8.9","0,0207","    2599.1","1","      21.7","0,0,1","      22.2","0,0,2","      22.8","0,0,3","    2599.1","0","      36.1","0,0,1","      31.7","0,0,2","      27.2","0,0,3","","","","","       0.0","0,0,1","       0.6","0,0,2","       0.6","0,0,3","       0.6","0,0,1","       0.6","0,0,2","       0.6","0,0,3","","","","","      10.5","0,0,1","      11.6","0,0,2","      11.9","0,0,3","      18.7","0,0,1","      16.1","0,0,2","      13.8","0,0,3","","","","","    753.0"," ,0","      272"," ,0","     11.23","0","     16.93","0","      5.53","0","",""
"USC00351862","1990","44.6341","-123.19","68.6","CORVALLIS STATE UNIVERSITY, OR US","    190.7","","     190.7","0","       159","0","        96","0","         4","0","       11","","         6","0","         0","0","        54","0","         7","0","       117","0","        23","0","","","","","  -13.9","0,1222, ","    76"," ,0,0216, ","   127"," ,0,0216, ","  34.5"," ,0,0107, ","   38.3","0,0812, ","-0.6","0,1007","-2.8","0,1219","-11.7","0,1220","-11.7","0,1220","-11.7","0,1220","-0.6","0,0508","-2.2","0,0313","-5.6","0,0219","-7.8","0,0214","","","    2612.3","3","","","","","","","    2612.3","0","","","","","","","","","","","","","","","","","","","","","","","","","","","","","","","","","","","","","","","","","","","    986.3"," ,0","      322"," ,0","     11.45","0","     17.13","0","      5.77","0","",""
"USC00351862","1991","44.6341","-123.19","68.6","CORVALLIS STATE UNIVERSITY, OR US","    161.8","","     161.8","0","       149","0","        86","0","         2","0","        0","","         0","0","         0","0","        45","0","         1","0","       119","0","        16","0","","","","","   -6.7","0,0130,+","     0"," ,0,1231,+","     0"," ,0,1231,+","  27.2"," ,0,0303, ","   36.7","0,0724, ","0.0","0,1030","-3.3","0,1130","","","","","","","-1.1","0,0429","-5.0","0,0131","-5.0","0,0131","-6.7","0,0130","","","    2825.5","5","      23.3","0,0,1","      26.7","0,0,2","      24.4","0,0,3","    2825.5","0","      38.9","0,0,1","      33.9","0,0,2","      27.8","0,0,3","","","","","      -0.6","0,0,1","       0.0","0,0,2","       0.6","0,0,3","       0.0","0,0,1","       0.0","0,0,2","       0.6","0,0,3","","","","","      10.6","0,0,1","      11.8","0,0,2","      12.0","0,0,3","      19.1","0,0,1","      16.4","0,0,2","      14.0","0,0,3","","","","","    864.5"," ,0","        0"," ,0","     11.58","0","     17.30","0","      5.86","0","",""
"USC00351862","1992","44.6341","-123.19","68.6","CORVALLIS STATE UNIVERSITY, OR US","    214.8","","     214.8","0","       134","0","        77","0","         6","0","        2","","         2","0","         0","0","        36","0","         0","0","       143","0","        22","0","","","","","   -5.6","0,1205, ","    51"," ,0,1231,+","    51"," ,0,1231,+","  42.7"," ,0,1210, ","   39.4","0,0812, ","-2.2","0,1014","-2.2","0,1014","-5.6","0,1205","","","","","0.0","0,0310","-2.8","0,0206","","","","","","","    2175.4","4","      26.1","0,0,1","      25.0","0,0,2","      25.0","0,0,3","    2175.4","0","      39.4","0,0,1","      33.9","0,0,2","      29.4","0,0,3","","","","","       1.7","0,0,1","       1.1","0,0,2","       2.2","0,0,3","       1.7","0,0,1","       2.2","0,0,2","       2.2","0,0,3","","","","","      11.6","0,0,1","      12.7","0,0,2","      13.1","0,0,3","      20.8","0,0,1","      17.8","0,0,2","      15.3","0,0,3","","","","","    849.9"," ,0","      102"," ,0","     12.72","0","     18.81","0","      6.63","0","",""
"USC00351862","1993","44.6341","-123.19","68.6","CORVALLIS STATE UNIVERSITY, OR US","     92.1","","      92.1","0","       162","0","        90","0","         6","0","       22","","         6","0","         0","0","        74","0","         5","0","       128","0","         9","0","","","","","  -12.2","0,0111, ","   229"," ,0,0220, ","   152"," ,0,0220,+","  48.8"," ,0,1211, ","   37.2","0,0804, ","-0.6","0,1102","-2.2","0,1106","-7.2","0,1124","-7.2","0,1124","","","0.0","0,0412","-3.9","0,0228","-5.6","0,0225","-6.7","0,0117","-12.2","0,0111","    2676.5","5","      23.3","0,0,1","      24.4","0,0,2","      24.4","0,0,3","    2676.5","0","      40.6","0,0,1","      33.9","0,0,2","      28.3","0,0,3","","","","","      -1.1","0,0,1","       0.0","0,0,2","       0.0","0,0,3","      -0.6","0,0,1","       0.6","0,0,2","       0.6","0,0,3","","","","","      10.1","0,0,1","      10.9","0,0,2","      11.3","0,0,3","      18.4","0,0,1","      15.6","0,0,2","      13.2","0,0,3","","","","","    913.2"," ,0","      565"," ,0","     10.89","0","     16.51","0","      5.28","0","",""
"USC00351862","1994","44.6341","-123.19","68.6","CORVALLIS STATE UNIVERSITY, OR US","    134.2","","     134.2","0","       143","0","        93","0","         4","0","        1","","         0","0","         0","0","        55","0","         0","0","       131","0","        11","0","","","","","   -5.6","0,0205, ","    25"," ,0,1206, ","    20"," ,0,1206, ","  62.7"," ,0,1101, ","   38.9","0,0722, ","-1.1","0,1011","-2.8","0,1118","","","","","","","0.0","0,0405","-2.2","0,0212","-5.0","0,0206","","","","","    2622.4","4","      25.0","0,0,1","      25.6","0,0,2","      25.6","0,0,3","    2622.4","0","      39.4","0,0,1","      34.4","0,0,2","      29.4","0,0,3","","","","","      -3.3","0,0,1","       1.1","0,0,2","       1.7","0,0,3","       1.7","0,0,1","       2.2","0,0,2","       2.2","0,0,3","","","","","      10.9","0,0,1","      11.7","0,0,2","      12.2","0,0,3","      19.7","0,0,1","      16.7","0,0,2","      14.3","0,0,3","","","","","    964.7"," ,0","       20"," ,0","     11.60","0","     17.72","0","      5.48","0","",""
"USC00351862","1995","44.6341","-123.19","68.6","CORVALLIS STATE UNIVERSITY, OR US","    168.5","","     168.5","0","       166","0","       112","0","        10","0","        3","","         2","0","         0","0","        31","0","         1","0","       126","0","        13","0","","","","","   -9.4","0,0214, ","    76"," ,0,0214,+","    76"," ,0,0213, ","  50.8"," ,0,1011, ","   37.2","0,0718, ","-1.7","0,1031","-2.2","0,1103","-4.4","0,1224","","","","","-0.6","0,0419","-2.8","0,0307","-7.2","0,0215","-7.2","0,0215","-9.4","0,0214","    2539.5","5","","","","","","","    2539.5","0","","","","","","","","","","","","","","","","","","","","","","","","","","","","","","","","","","","","","","","","","","","   1379.7"," ,0","      127"," ,0","     12.30","0","     17.86","0","      6.73","0","",""
"USC00351862","1996","44.6341","-123.19","68.6","CORVALLIS STATE UNIVERSITY, OR US","    175.5","","     175.5","0","       173","0","       124","0","        21","0","        1","","         1","0","         0","0","        38","0","         2","0","       120","0","        21","0","","","","","   -7.8","0,0202, ","    25"," ,0,0228, ","    25"," ,0,0228, "," 113.0"," ,0,1119, ","   37.8","0,0811, ","0.0","0,1026","-3.3","0,1219","","","","","","","-1.1","0,0508","-2.2","0,0326","-5.6","0,0204","-7.2","0,0203","","","    2483.7","7","      26.1","0,0,1","      25.0","0,0,2","      25.0","0,0,3","    2483.7","0","      39.4","0,0,1","      34.4","0,0,2","      29.4","0,0,3","","","","","      -1.7","0,0,1","      -0.6","0,0,2","      -0.6","0,0,3","      -0.6","0,0,1","       0.0","0,0,2","       0.6","0,0,3","","","","","      10.8","0,0,1","      11.5","0,0,2","      11.8","0,0,3","      19.3","0,0,1","      16.5","0,0,2","      14.0","0,0,3","","","","","   1860.2"," ,0","       25"," ,0","     11.64","0","     17.30","0","      5.97","0","",""
"USC00351862","1997","44.6341","-123.19","68.6","CORVALLIS STATE UNIVERSITY, OR US","    153.6","","     153.6","0","       160","0","       102","0","         7","0","        0","","         0","0","         0","0","        43","0","         0","0","       131","0","        11","0","","","","","   -6.7","0,0115,+","     0"," ,0,1231,+","     0"," ,0,1231,+","  47.5"," ,0,0118, ","   35.6","0,0813, ","0.0","0,1127","-2.2","0,1203","","","","","","","-0.6","0,0409","-2.2","0,0207","-4.4","0,0116","-6.7","0,0115","","","    2535.6","6","      22.8","0,0,1","      24.4","0,0,2","      25.0","0,0,3","    2535.6","0","      41.7","0,0,1","      34.4","0,0,2","      29.4","0,0,3","","","","","       0.6","0,0,1","       0.6","0,0,2","       1.1","0,0,3","       1.1","0,0,1","       0.6","0,0,2","       1.7","0,0,3","","","","","      10.8","0,0,1","      11.6","0,0,2","      12.2","0,0,3","      20.0","0,0,1","      16.8","0,0,2","      14.3","0,0,3","","","","","   1134.3"," ,0","        0"," ,0","     11.84","0","     17.46","0","      6.23","0","",""
"USC00351862","1998","44.6341","-123.19","68.6","CORVALLIS STATE UNIVERSITY, OR US","    179.3","","     179.3","0","       190","0","       130","0","        14","0","","","         0","0","         0","0","        36","0","         4","0","       131","0","        20","0","","","","","  -11.1","0,1223, ","","","    13"," ,0,1206, ","  87.1"," ,0,1228, ","   39.4","0,0728, ","-1.7","0,1209","-2.8","0,1219","-7.8","0,1220","-7.8","0,1220","-10.6","0,1221","0.0","0,0416","-3.3","0,0307","","","","","","","    2521.1","1","      25.6","0,0,1","      26.1","0,0,2","      27.2","0,0,3","    2521.1","0","      43.9","0,0,1","      37.8","0,0,2","      31.1","0,0,3","","","","","      -3.3","0,0,1","      -0.6","0,0,2","       0.6","0,0,3","      -1.1","0,0,1","      -0.6","0,0,2","       0.6","0,0,3","","","","","      11.0","0,0,1","      12.2","0,0,2","      12.8","0,0,3","      20.8","0,0,1","      17.4","0,0,2","      14.8","0,0,3","","","","","   1524.3"," ,0","       13"," ,0","     11.95","0","     17.70","0","      6.20","0","",""
"USC00351862","1999","44.6341","-123.19","68.6","CORVALLIS STATE UNIVERSITY, OR US","    114.0","","     114.0","0","       168","0","       100","0","         7","0","        1","","         1","0","         0","0","        43","0","         1","0","       125","0","        12","0","","","","","   -5.6","0,1229, ","    25"," ,0,0210, ","    58"," ,0,0210, ","  62.5"," ,0,1126, ","   34.4","0,0914,+","-1.1","0,1015","-2.2","0,1222","-4.4","0,1228","","","","","0.0","0,0430","-2.8","0,0105","","","","","","","    2700.0","0","      26.1","0,0,1","      24.4","0,0,2","      24.4","0,0,3","    2700.0","0","      39.4","0,0,1","      34.4","0,0,2","      28.3","0,0,3","","","","","       1.1","0,0,1","       1.7","0,0,2","       2.2","0,0,3","       1.7","0,0,1","       2.2","0,0,2","       2.8","0,0,3","","","","","      10.3","0,0,1","      11.8","0,0,2","      12.3","0,0,3","      20.2","0,0,1","      17.1","0,0,2","      14.4","0,0,3","","","","","   1265.5"," ,0","       71"," ,0","     11.32","0","     17.26","0","      5.37","0","",""
"USC00351862","2000","44.6341","-123.19","68.6","CORVALLIS STATE UNIVERSITY, OR US","    121.7","","     121.7","0","       175","0","        93","0","         3","0","        0","","         0","0","         0","0","        65","0","         0","0","       131","0","        11","0","","","","","   -6.7","0,1119,+","     0"," ,0,1231,+","     0","T,0,0113, ","  27.9"," ,0,1222, ","   35.0","0,0628, ","-2.8","0,0924","-2.8","0,0924","-5.0","0,1112","-6.7","0,1118","","","0.0","0,0429","-2.2","0,0424","-5.0","0,0129","","","","","    2554.2","2","      25.0","0,0,1","      24.4","0,0,2","      25.6","0,0,3","    2554.2","0","      42.2","0,0,1","      36.7","0,0,2","      30.0","0,0,3","","","","","       1.1","0,0,1","       1.1","0,0,2","       2.2","0,0,3","       2.8","0,0,1","       3.3","0,0,2","       2.8","0,0,3","","","","","      10.4","0,0,1","      11.4","0,0,2","      12.1","0,0,3","      20.4","0,0,1","      17.4","0,0,2","      14.5","0,0,3","","","","","    888.3"," ,0","        0","T,0","     11.16","0","     17.25","0","      5.06","0","",""
"USC00351862","2001","44.6341","-123.19","68.6","CORVALLIS STATE UNIVERSITY, OR US","     92.9","","      92.9","0","       167","0","        89","0","         5","0","        0","","         0","0","         0","0","        64","0","         0","0","       131","0","         8","0","","","","","   -5.0","0,0208,+","     0"," ,0,1231,+","     0"," ,0,1231,+","  42.9"," ,0,1214, ","   36.7","0,0810, ","-2.2","0,1107","-2.2","0,1107","","","","","","","0.0","0,0529","-2.2","0,0407","-5.0","0,0208","","","","","    2823.3","3","      21.7","0,0,1","      23.3","0,0,2","      25.0","0,0,3","    2823.3","0","      40.0","0,0,1","      35.0","0,0,2","      28.9","0,0,3","","","","","       1.1","0,0,1","       1.7","0,0,2","       3.3","0,0,3","       3.3","0,0,1","       3.3","0,0,2","       3.3","0,0,3","","","","","      10.4","0,0,1","      11.4","0,0,2","      12.2","0,0,3","      20.5","0,0,1","      17.6","0,0,2","      14.6","0,0,3","","","","","    853.5"," ,0","        0"," ,0","     11.21","0","     17.51","0","      4.90","0","",""
"USC00351862","2002","44.6341","-123.19","68.6","CORVALLIS STATE UNIVERSITY, OR US","    145.5","","     145.5","0","       151","0","        86","0","        10","0","        2","","         1","0","         0","0","        60","0","         0","0","       133","0","        14","0","","","","","   -8.3","0,1102, ","    25"," ,0,0128,+","    25"," ,0,0127, ","  46.0"," ,0,1231, ","   40.0","0,0814, ","-1.1","0,1011","-8.3","0,1102","-8.3","0,1102","-8.3","0,1102","","","-1.1","0,0609","-2.8","0,0318","-4.4","0,0115","","","","","    2645.3","3","      23.3","0,0,1","      25.6","0,0,2","      26.1","0,0,3","    2645.3","0","      42.2","0,0,1","      36.7","0,0,2","      31.7","0,0,3","","","","","       0.6","0,0,1","       1.1","0,0,2","       2.2","0,0,3","       2.2","0,0,1","       2.8","0,0,2","       2.2","0,0,3","","","","","      10.4","0,0,1","      11.6","0,0,2","      12.3","0,0,3","      21.2","0,0,1","      18.0","0,0,2","      14.8","0,0,3","","","","","   1105.7"," ,0","       73"," ,0","     11.48","0","     17.79","0","      5.17","0","",""
"USC00351862","2003","44.6341","-123.19","68.6","CORVALLIS STATE UNIVERSITY, OR US","    198.0","","     198.0","0","       182","0","        95","0","         6","0","        0","","         1","0","         0","0","        47","0","         0","0","       137","0","        25","0","","","","","   -5.6","0,1230,+","     0"," ,0,1231,+","    97"," ,0,1229, ","  48.3"," ,0,1229, ","   38.3","0,0730, ","0.0","0,1031","-5.6","0,1101","-5.6","0,1101","","","","","0.0","0,0518","-2.2","0,0226","","","","","","","    2456.5","5","      24.4","0,0,1","      26.1","0,0,2","","","    2456.5","0","      43.9","0,0,1","      37.2","0,0,2","","","","","","","       0.6","0,0,1","       0.6","0,0,2","","","       2.2","0,0,1","       2.8","0,0,2","","","","","","","      11.4","0,0,1","      12.4","0,0,2","","","      21.6","0,0,1","      18.6","0,0,2","","","","","","","   1191.5"," ,0","       97"," ,0","     12.14","0","     18.28","0","      6.01","0","",""
"USC00351862","2005","44.6341","-123.19","68.6","CORVALLIS STATE UNIVERSITY, OR US","    147.9","","     147.9","0","       178","0","        84","0","         7","0","        0","","         0","0","         0","0","        72","0","         0","0","       127","0","        19","0","","","","","   -7.8","0,1218,+","     0"," ,0,1231,+","     0"," ,0,1231,+","  51.3"," ,0,1230, ","   36.7","0,0805, ","-0.6","0,1108","-3.3","0,1122","-4.4","0,1211","-7.2","0,1215","","","-0.6","0,0419","-2.8","0,0315","-5.0","0,0214","","","","","    2555.8","8","      24.4","0,0,1","      24.4","0,0,2","","","    2555.8","0","      43.9","0,0,1","      37.2","0,0,2","","","","","","","       0.0","0,0,1","      -0.6","0,0,2","","","       0.0","0,0,1","       0.6","0,0,2","","","","","","","      10.7","0,0,1","      11.6","0,0,2","","","      20.4","0,0,1","      17.7","0,0,2","","","","","","","    995.9"," ,0","        0"," ,0","     11.47","0","     17.67","0","      5.26","0","",""
"USC00351862","2006","44.6341","-123.19","68.6","CORVALLIS STATE UNIVERSITY, OR US","    183.7","","     183.7","0","       181","0","        98","0","        14","0","        0","","         0","0","         0","0","        53","0","         1","0","       138","0","        30","0","","","","","   -7.8","0,0220, ","     0"," ,0,1231,+","     8"," ,0,0309, ","  89.7"," ,0,1107, ","   40.6","0,0724, ","-0.6","0,1025","-3.3","0,1030","","","","","","","0.0","0,0430","-2.8","0,0313","-5.0","0,0221","-7.8","0,0220","","","    2603.2","2","      26.7","0,0,1","      27.2","0,0,2","      27.2","0,0,3","    2603.2","0","      43.3","0,0,1","      38.3","0,0,2","      32.2","0,0,3","","","","","      -0.6","0,0,1","      -0.6","0,0,2","       1.1","0,0,3","      -0.6","0,0,1","       1.1","0,0,2","       1.1","0,0,3","","","","","      10.6","0,0,1","      11.8","0,0,2","      12.4","0,0,3","      20.6","0,0,1","      17.8","0,0,2","      14.9","0,0,3","","","","","   1358.2"," ,0","        8"," ,0","     11.80","0","     18.15","0","      5.45","0","",""
"USC00351862","2007","44.6341","-123.19","68.6","CORVALLIS STATE UNIVERSITY, OR US","    133.0","","     133.0","0","       182","0","        92","0","         7","0","        0","","         0","0","         0","0","        62","0","         1","0","       123","0","        10","0","","","","","   -7.2","0,0115, ","     0"," ,0,1231,+","    13"," ,0,0111, ","  38.9"," ,0,0103, ","   38.3","0,0711, ","-1.1","0,1028","-2.2","0,1103","-5.0","0,1125","","","","","-0.6","0,0420","-2.8","0,0203","-5.6","0,0201","-6.7","0,0116","","","    2624.5","5","      23.9","0,0,1","      25.0","0,0,2","      26.1","0,0,3","    2624.5","0","      41.1","0,0,1","      36.7","0,0,2","      30.0","0,0,3","","","","","       0.6","0,0,1","       0.0","0,0,2","       1.1","0,0,3","       0.6","0,0,1","       0.6","0,0,2","       1.1","0,0,3","","","","","      10.2","0,0,1","      11.3","0,0,2","      12.0","0,0,3","      20.4","0,0,1","      17.5","0,0,2","      14.3","0,0,3","","","","","    958.0"," ,0","       13"," ,0","     11.31","0","     17.31","0","      5.32","0","",""
"USC00351862","2008","44.6341","-123.19","68.6","CORVALLIS STATE UNIVERSITY, OR US","    160.7","","     160.7","0","       177","0","        87","0","         2","0","","","         4","0","         0","0","        85","0","         2","0","       116","0","        18","0","","","","","  -11.7","0,1217, ","","","    71"," ,0,1219, ","  34.3"," ,0,0127, ","   37.8","0,0816, ","-0.6","0,1010","-2.2","0,1205","-6.1","0,1215","-7.2","0,1216","-11.7","0,1217","-1.1","0,0425","-2.8","0,0331","-5.6","0,0126","-7.2","0,0125","","","    2944.2","2","      23.9","0,0,1","      25.6","0,0,2","      26.1","0,0,3","    2944.2","0","      40.6","0,0,1","      35.6","0,0,2","      30.0","0,0,3","","","","","      -1.1","0,0,1","       0.6","0,0,2","       0.6","0,0,3","       0.0","0,0,1","       0.6","0,0,2","       0.6","0,0,3","","","","","       9.7","0,0,1","      10.8","0,0,2","      11.3","0,0,3","      19.6","0,0,1","      16.7","0,0,2","      13.8","0,0,3","","","","","    866.5"," ,0","      196"," ,0","     10.77","0","     16.87","0","      4.68","0","",""
"USC00351862","2009","44.6341","-123.19","68.6","CORVALLIS STATE UNIVERSITY, OR US","    177.9","","     177.9","0","       156","0","        79","0","         4","0","        0","","         0","0","         0","0","        88","0","         5","0","       131","0","        22","0","","","","","  -13.3","0,1210, ","     0","T,0,0226,+","     8"," ,0,0308, ","  45.2"," ,0,0102, ","   40.6","0,0730,+","-1.1","0,1006","-2.8","0,1203","-5.0","0,1204","-8.3","0,1208","-12.2","0,1209","0.0","0,0430","-2.2","0,0404","-4.4","0,0121","","","","","    2750.1","1","","","","","","","    2750.1","0","","","","","","","","","","","","","","","","","","","","","","","","","","","","","","","","","","","","","","","","","","","    893.9"," ,0","        8"," ,0","     11.10","0","     17.29","0","      4.91","0","",""
"USC00351862","2010","44.6341","-123.19","68.6","CORVALLIS STATE UNIVERSITY, OR US","    107.8","","     107.8","0","       198","0","       122","0","         8","0","        0","","         0","0","         0","0","        33","0","         1","0","       114","0","        13","0","","","","","   -5.0","0,1124, ","     0"," ,0,1231,+","     8"," ,0,1123, ","  32.8"," ,0,0326, ","   37.8","0,0815, ","0.0","0,1018","-3.9","0,1123","-5.0","0,1124","","","","","0.0","0,0506","-3.3","0,0222","","","","","","","    2674.5","5","      23.3","0,3,1","      25.6","0,3,2","      25.0","0,3,3","    2674.5","0","      42.2","0,3,1","      36.7","0,3,2","      32.2","0,3,3","      22.2","0,3,5","","","       1.7","0,3,1","       2.2","0,3,2","       2.2","0,3,3","       1.7","0,3,1","       2.8","0,3,2","       2.8","0,3,3","       9.4","0,3,5","","","      10.6","0,3,1","      11.6","0,3,2","      12.1","0,3,3","      20.1","0,3,1","      17.2","0,3,2","      14.5","0,3,3","      14.7","0,3,5","","","   1309.0"," ,0","        8"," ,0","     11.59","0","     17.34","0","      5.85","0","",""
"USC00351862","2011","44.6341","-123.19","68.6","CORVALLIS STATE UNIVERSITY, OR US","","","","","","","","","","","","","","","","","","","","","","","","","","","","","","","","","","","","","","","","","","","","","","","","","","","","","","","","","","","    2709.0","0","","","","","","","    2709.0"," ","","","","","","","","","","","","","","","","","","","","","","","","","","","","","","","","","","","","","","","","","","","","","","","","","","","","","",""
"USC00351862","2012","44.6341","-123.19","68.6","CORVALLIS STATE UNIVERSITY, OR US","    109.2","","     109.2","7","       190","7","       120","7","        10","7","","","","","         0","7","        50","7","         0","7","       129","7","        12","7","","","","","   -4.4","7,0113, ","","","",""," 102.1"," ,7,0119, ","   37.8","7,0805, ","-1.1","7,1008","","","","","","","","","0.0","7,0406","-3.3","7,0308","-4.4","7,0113","","","","","","","      23.9","7,3,1","      26.1","7,3,2","      26.7","7,3,3","","","      41.7","7,3,1","      36.7","7,3,2","      30.6","7,3,3","      22.2","7,3,6","","","       0.0","7,3,1","       0.0","7,3,2","       1.7","7,3,3","       1.7","7,3,1","       2.2","7,3,2","       1.7","7,3,3","       8.3","7,3,6","","","      10.9","7,3,1","      11.8","7,3,2","      12.4","7,3,3","      20.3","7,3,1","      17.7","7,3,2","      14.9","7,3,3","      14.7","7,3,6","","","   1493.4"," ,7","","","     11.54","7","     17.45","7","      5.62","7","     29646","7"
"USC00351862","2013","44.6341","-123.19","68.6","CORVALLIS STATE UNIVERSITY, OR US","    211.7","","     211.7","7","       140","7","        67","7","         5","7","","","         2","7","         0","7","        67","7","        11","7","       124","7","        17","7","","","","","  -16.7","7,1208, ","","","    76"," ,7,1206, ","  74.7"," ,7,0906, ","   34.4","7,0807,+","-1.1","7,1029","-2.2","7,1030","-4.4","7,1122","-7.8","7,1205","-16.7","7,1208","-1.1","7,0430","-3.3","7,0123","-5.0","7,0113","","","","","    2503.4","4","      25.6","7,3,1","      25.6","7,3,2","      26.7","7,3,3","    2503.4","7","      40.0","7,3,1","      36.1","7,3,2","      32.2","7,3,3","      26.1","7,3,5","      22.8","7,3,6","       0.6","7,3,1","       0.6","7,3,2","       1.7","7,3,3","       1.7","7,3,1","       1.7","7,3,2","       1.7","7,3,3","       3.3","7,3,5","       8.3","7,3,6","      11.5","7,3,1","      11.8","7,3,2","      12.4","7,3,3","      19.3","7,3,1","      17.3","7,3,2","      14.7","7,3,3","      12.6","7,3,5","      15.2","7,3,6","    644.0"," ,7","      114"," ,7","     11.44","7","     17.37","7","      5.50","7","",""
"USC00351862","2014","44.6341","-123.19","68.6","CORVALLIS STATE UNIVERSITY, OR US","    250.7","","     250.7","7","       168","7","        99","7","         8","7","        0","","         3","7","         0","7","        42","7","         2","7","       148","7","        28","7","","","","","   -8.9","7,0207, ","     0"," ,7,1231,+","   191"," ,7,0207, ","  50.0"," ,7,1114, ","   37.2","7,0812, ","-0.6","7,1112","-3.3","7,1115","-4.4","7,1116","-7.2","7,1117","","","-1.1","7,0323","-2.2","7,0209","-5.6","7,0208","-8.9","7,0207","-8.9","7,0207","    2633.8","8","","","","","","","    2633.8","7","","","","","","","","","","","","","","","","","","","","","","","","","","","","","","","","","","","","","","","","","","","   1167.4"," ,7","      356"," ,7","     12.65","7","     18.77","7","      6.54","7","",""
"USC00351862","2015","44.6341","-123.19","68.6","CORVALLIS STATE UNIVERSITY, OR US","    253.2","","     253.2","7","       141","7","        80","7","         7","7","        0","","         0","7","         0","7","        34","7","         0","7","       150","7","        30","7","","","","","   -7.2","7,1129, ","     0"," ,7,1231,+","     0"," ,7,1231,+","  49.8"," ,7,1218, ","   40.0","7,0731, ","0.0","7,1104","-2.8","7,1122","-4.4","7,1127","-7.2","7,1129","","","0.0","7,0415","-2.2","7,0306","-4.4","7,0103","","","","","    2115.4","4","","","","","","","    2115.4","7","","","","","","","","","","","","","","","","","","","","","","","","","","","","","","","","","","","","","","","","","","","   1041.8"," ,7","        0"," ,7","     12.89","7","     19.50","7","      6.28","7","",""
"USC00351862","2016","44.6341","-123.19","68.6","CORVALLIS STATE UNIVERSITY, OR US","","","","","","","","","","","","","         1","7","         0","7","        33","7","","","","","","","","","","","   -9.4","7,1217,+","","","    33"," ,7,1215, ","","","","","-0.6","7,1207","-3.9","7,1215","-9.4","7,1216","-9.4","7,1216","-9.4","7,1216","0.0","7,0426","-3.3","7,0104","-4.4","7,0103","","","","","","","","","","","","","","","      22.8","7,3,6","","","","","","","","","","","","","","","       9.4","7,3,6","","","","","","","","","","","","","","","      15.8","7,3,6","","","","","","","","","","","       33"," ,7","","","","","      6.27","7","",""
"USC00351862","2017","44.6341","-123.19","68.6","CORVALLIS STATE UNIVERSITY, OR US","","","","","","","","","","","","","         1","7","         0","7","        57","7","","","","","","","","","","","  -10.0","7,0106, ","","","    38"," ,7,0108, ","","","","","0.0","7,1104","-2.8","7,1207","-5.0","7,1209","-6.7","7,1212","","","0.0","7,0421","-2.8","7,0125","-5.0","7,0117","-7.2","7,0116","-9.4","7,0107","","","","","","","","","","","      31.1","7,3,2","      22.2","7,3,6","","","","","","","","","","","","","       0.6","7,3,2","       5.6","7,3,6","","","","","","","","","","","","","      16.0","7,3,2","      14.9","7,3,6","","","","","","","","","       51"," ,7","","","","","      5.56","7","",""
"USC00351862","2018","44.6341","-123.19","68.6","CORVALLIS STATE UNIVERSITY, OR US","    178.7","","     178.7","7","       145","7","        80","7","         3","7","        1","","         0","7","         0","7","        49","7","         0","7","       148","7","        27","7","","","","","   -5.6","7,0223, ","    25"," ,7,0222, ","    13"," ,7,0222, ","  46.7"," ,7,1218, ","   36.7","7,0730,+","-0.6","7,1018","-2.8","7,1109","","","","","","","-1.1","7,0403","-5.0","7,0224","-5.0","7,0224","","","","","    2546.0","0","      23.9","7,3,1","      24.4","7,3,2","      23.9","7,3,3","    2546.0","7","      36.1","7,3,1","      28.9","7,3,2","      26.7","7,3,3","      21.1","7,3,5","      21.7","7,3,6","       2.2","7,3,1","       0.6","7,3,2","       3.3","7,3,3","       4.4","7,3,1","       3.9","7,3,2","       3.3","7,3,3","      -4.4","7,3,5","       8.3","7,3,6","      12.4","7,3,1","      12.1","7,3,2","      12.7","7,3,3","      18.7","7,3,1","      16.0","7,3,2","      14.1","7,3,3","      11.6","7,3,5","      15.3","7,3,6","    840.1"," ,7","       13"," ,7","     11.99","7","     18.66","7","      5.32","7","",""
"USC00351862","2019","44.6341","-123.19","68.6","CORVALLIS STATE UNIVERSITY, OR US","    144.2","","     144.2","7","       148","7","        85","7","         2","7","","","         2","7","         0","7","        86","7","         0","7","       128","7","        11","7","","","","","   -8.9","7,1129, ","","","    71"," ,7,0227, ","  45.2"," ,7,0407, ","   37.2","7,0828, ","-0.6","7,1009","-2.2","7,1029","-6.1","7,1031","-8.9","7,1129","-8.9","7,1129","-0.6","7,0502","-2.2","7,0314","-4.4","7,0304","","","","","    2564.5","5","      23.9","7,3,1","      24.4","7,3,2","","","    2564.5","7","      36.7","7,3,1","      32.2","7,3,2","      21.1","7,3,5","      21.7","7,3,6","","","       1.7","7,3,1","       1.1","7,3,2","","","       2.2","7,3,1","       3.3","7,3,2","       2.2","7,3,5","       8.3","7,3,6","","","      11.7","7,3,1","      11.8","7,3,2","","","      18.7","7,3,1","      16.9","7,3,2","      11.5","7,3,5","      15.2","7,3,6","","","    854.6"," ,7","      140"," ,7","     11.26","7","     17.46","7","      5.06","7","",""
