"STATION","DATE","LATITUDE","LONGITUDE","ELEVATION","NAME","AWND","AWND_ATTRIBUTES","CDSD","CDSD_ATTRIBUTES","CLDD","CLDD_ATTRIBUTES","DP01","DP01_ATTRIBUTES","DP10","DP10_ATTRIBUTES","DP1X","DP1X_ATTRIBUTES","DSND","DSND_ATTRIBUTES","DSNW","DSNW_ATTRIBUTES","DT00","DT00_ATTRIBUTES","DT32","DT32_ATTRIBUTES","DX32","DX32_ATTRIBUTES","DX70","DX70_ATTRIBUTES","DX90","DX90_ATTRIBUTES","DYFG","DYFG_ATTRIBUTES","DYHF","DYHF_ATTRIBUTES","DYTS","DYTS_ATTRIBUTES","EMNT","EMNT_ATTRIBUTES","EMSD","EMSD_ATTRIBUTES","EMSN","EMSN_ATTRIBUTES","EMXP","EMXP_ATTRIBUTES","EMXT","EMXT_ATTRIBUTES","FZF0","FZF0_ATTRIBUTES","FZF1","FZF1_ATTRIBUTES","FZF2","FZF2_ATTRIBUTES","FZF3","FZF3_ATTRIBUTES","FZF4","FZF4_ATTRIBUTES","FZF5","FZF5_ATTRIBUTES","FZF6","FZF6_ATTRIBUTES","FZF7","FZF7_ATTRIBUTES","FZF8","FZF8_ATTRIBUTES","FZF9","FZF9_ATTRIBUTES","HDSD","HDSD_ATTRIBUTES","HN01","HN01_ATTRIBUTES","HN02","HN02_ATTRIBUTES","HN03","HN03_ATTRIBUTES","HTDD","HTDD_ATTRIBUTES","HX01","HX01_ATTRIBUTES","HX02","HX02_ATTRIBUTES","HX03","HX03_ATTRIBUTES","LN01","LN01_ATTRIBUTES","LN02","LN02_ATTRIBUTES","LN03","LN03_ATTRIBUTES","LX01","LX01_ATTRIBUTES","LX02","LX02_ATTRIBUTES","LX03","LX03_ATTRIBUTES","MN01","MN01_ATTRIBUTES","MN02","MN02_ATTRIBUTES","MN03","MN03_ATTRIBUTES","MX01","MX01_ATTRIBUTES","MX02","MX02_ATTRIBUTES","MX03","MX03_ATTRIBUTES","PRCP","PRCP_ATTRIBUTES","SNOW","SNOW_ATTRIBUTES","TAVG","TAVG_ATTRIBUTES","TMAX","TMAX_ATTRIBUTES","TMIN","TMIN_ATTRIBUTES","WDF1","WDF1_ATTRIBUTES","WDF2","WDF2_ATTRIBUTES","WDF5","WDF5_ATTRIBUTES","WDFG","WDFG_ATTRIBUTES","WSF1","WSF1_ATTRIBUTES","WSF2","WSF2_ATTRIBUTES","WSF5","WSF5_ATTRIBUTES","WSFG","WSFG_ATTRIBUTES"
"USW00024089","1948","42.89779","-106.47371","1620.9","CASPER NATRONA CO AIRPORT, WY US","","","","","","","","","","","","","","","","","","","","","","","","","","","         6"," ","","","         9"," ","","","","","","","","","","","","","","","","","","","","","","","","","","","","","","","","","","","","","","","","","","","","","","","","","","","","","","","","","","","","","","","","","","","","","","","","","","","","","","","","","","","","","","","","","","","","","","","",""
"USW00024089","1949","42.89779","-106.47371","1620.9","CASPER NATRONA CO AIRPORT, WY US","","","    204.9","","     204.9","0","        90","0","        39","0","         0","0","       64","","        29","0","        35","0","       186","0","        59","0","       131","0","        31","0","        23"," ","","","        46"," ","  -40.0","0,0124, ","   381"," ,0,0128, ","   292"," ,0,1020, ","  21.1"," ,0,0504, ","   36.7","0,0807, ","-1.7","0,0912","-5.0","0,0913","-5.0","0,0913","-8.3","0,1019","-9.4","0,1020","0.0","0,0524","-2.2","0,0418","-4.4","0,0410","-7.8","0,0403","-10.0","0,0331","","","","","","","","","","","","","","","","","","","","","","","","","","","","","","","","","","","","","","","","","    276.9"," ,0","     2477"," ,0","      6.56","0","     14.41","0","     -1.29","0","","","","","","","","","","","","","","","",""
"USW00024089","1950","42.89779","-106.47371","1620.9","CASPER NATRONA CO AIRPORT, WY US","","","    134.4","","     134.4","0","        92","0","        43","0","         1","0","       27","","        28","0","        22","0","       173","0","        34","0","       123","0","         8","0","        24"," ","","","        41"," ","  -32.2","0,0129, ","   178"," ,0,0504, ","   241"," ,0,0504, ","  44.7"," ,0,0920, ","   33.9","0,0904,+","-0.6","0,0928","-4.4","0,1001","-4.4","0,1001","-9.4","0,1002","-9.4","0,1002","-1.1","0,0527","-3.3","0,0508","-6.7","0,0505","-6.7","0,0505","-8.9","0,0405","    4344.6","6","","","","","","","    4344.6","0","","","","","","","","","","","","","","","","","","","","","","","","","","","","","","","    324.2"," ,0","     2348"," ,0","      7.01","0","     14.36","0","     -0.34","0","","","","","","","","","","","","","","","",""
"USW00024089","1951","42.89779","-106.47371","1620.9","CASPER NATRONA CO AIRPORT, WY US","","","    179.2","","     179.2","0","       100","0","        30","0","         1","0","       21","","        18","0","        17","0","       189","0","        49","0","       107","0","        17","0","        22"," ","","","        45"," ","  -30.6","0,0128, ","   152"," ,0,1224,+","   198"," ,0,0302, ","  33.8"," ,0,0721, ","   36.1","0,0719, ","0.0","0,0921","-5.0","0,0927","-5.0","0,0927","-7.8","0,1030","-10.6","0,1031","-1.1","0,0603","-2.2","0,0602","-4.4","0,0425","-10.0","0,0422","-10.0","0,0422","    4289.9","9","","","","","","","    4289.9","0","","","","","","","","","","","","","","","","","","","","","","","","","","","","","","","    278.6"," ,0","     1472"," ,0","      6.17","0","     13.11","0","     -0.77","0","","","","","","","","","","","","","","","",""
"USW00024089","1952","42.89779","-106.47371","1620.9","CASPER NATRONA CO AIRPORT, WY US","","","    302.5","","     302.5","0","        61","0","        27","0","         1","0","       55","","        18","0","        14","0","       175","0","        48","0","       147","0","        31","0","        22"," ","","","        37"," ","  -27.2","0,0122, ","   229"," ,0,0213, ","   264"," ,0,0213, ","  52.6"," ,0,0522, ","   37.2","0,0724, ","0.0","0,1004","-5.0","0,1005","-5.0","0,1005","-10.0","0,1006","-10.0","0,1006","0.0","0,0522","-2.8","0,0414","-5.0","0,0410","-7.2","0,0409","-12.2","0,0323","    4323.0","0","","","","","","","    4323.0","0","","","","","","","","","","","","","","","","","","","","","","","","","","","","","","","    254.5"," ,0","     2017"," ,0","      7.95","0","     15.07","0","      0.83","0","","","","","","","","","","","","","","","",""
"USW00024089","1953","42.89779","-106.47371","1620.9","CASPER NATRONA CO AIRPORT, WY US","","","    334.2","","     334.2","0","        79","0","        29","0","         0","0","       53","","        18","0","         3","0","       176","0","        44","0","       139","0","        37","0","        22"," ","","","        31"," ","  -21.1","0,0220, ","   178"," ,0,1208, ","   193"," ,0,1207, ","  21.8"," ,0,0715, ","   37.8","0,0714, ","0.0","0,1004","-3.3","0,1022","-5.0","0,1104","-7.8","0,1118","-13.3","0,1119","-1.1","0,0514","-4.4","0,0513","-4.4","0,0513","-8.9","0,0512","-8.9","0,0512","    4068.6","6","","","","","","","    4068.6","0","","","","","","","","","","","","","","","","","","","","","","","","","","","","","","","    246.9"," ,0","     1697"," ,0","      8.49","0","     15.56","0","      1.41","0","","","","","","","","","","","","","","","",""
"USW00024089","1954","42.89779","-106.47371","1620.9","CASPER NATRONA CO AIRPORT, WY US","","","    370.9","","     370.9","0","        79","0","        22","0","         0","0","       45","","        18","0","         9","0","       160","0","        30","0","       145","0","        41","0","        21"," ","","","        34"," ","  -23.9","0,0302,+","   305"," ,0,0319, ","   371"," ,0,0318, ","  24.1"," ,0,0318, ","   40.0","0,0712, ","0.0","0,0929","-2.2","0,1014","-7.8","0,1026","-7.8","0,1026","-10.0","0,1128","-1.1","0,0529","-8.3","X,0503","-8.3","X,0503","-8.3","X,0503","-15.0","0,0331","    3788.5","5","","","","","","","    3788.5","0","","","","","","","","","","","","","","","","","","","","","","","","","","","","","","","    196.2"," ,0","     1755"," ,0","      9.05","0","     16.42","0","      1.67","0","","","","","","","","","","","","","","","",""
"USW00024089","1955","42.89779","-106.47371","1620.9","CASPER NATRONA CO AIRPORT, WY US","","","    338.6","","     338.6","0","        92","0","        39","0","         0","0","       99","","        33","0","        24","0","       168","0","        68","0","       134","0","        33","0","        32"," ","","","        23"," ","  -26.1","0,0325, ","   178"," ,0,0405, ","   188"," ,0,0117, ","  14.0"," ,0,0403, ","   35.6","0,0803,+","0.0","0,0929","-2.8","0,1022","-5.6","0,1023","-14.4","0,1101","-14.4","0,1101","-4.4","0,0428","-4.4","0,0428","-4.4","0,0428","-8.9","0,0406","-8.9","0,0406","    4158.0","0","","","","","","","    4158.0","0","","","","","","","","","","","","","","","","","","","","","","","","","","","","","","","    287.2"," ,0","     2627"," ,0","      7.10","0","     14.05","0","      0.14","0","","","","","","","","","","","","","","","",""
"USW00024089","1956","42.89779","-106.47371","1620.9","CASPER NATRONA CO AIRPORT, WY US","","","    252.8","","     252.8","0","        78","0","        30","0","         0","0","       68","","        23","0","        18","0","       175","0","        46","0","       143","0","        22","0","        23"," ","","","        41"," ","  -25.0","0,0311, ","   178"," ,0,1104, ","   221"," ,0,1103, ","  13.5"," ,0,0528, ","   35.0","0,0724,+","-1.1","0,0923","-2.2","0,1024","-5.6","0,1029","-7.2","0,1101","-15.0","0,1104","-1.7","0,0514","-4.4","0,0428","-4.4","0,0428","-7.2","0,0407","-8.9","0,0406","    4093.9","9","","","","","","","    4093.9","0","","","","","","","","","","","","","","","","","","","","","","","","","","","","","","","    227.8"," ,0","     1955"," ,0","      7.97","0","     15.16","0","      0.79","0","","","","","","","","","","","","","","","",""
"USW00024089","1957","42.89779","-106.47371","1620.9","CASPER NATRONA CO AIRPORT, WY US","","","    256.5","","     256.5","0","       120","0","        48","0","         0","0","       52","","        22","0","        15","0","       177","0","        49","0","       116","0","        24","0","        53"," ","","","        39"," ","  -30.0","0,0116, ","   127"," ,0,0407, ","   160"," ,0,0406, ","  18.8"," ,0,0514, ","   35.0","0,0810,+","-0.6","0,0919","-2.8","0,1024","-5.6","0,1026","-7.8","0,1108","-8.9","0,1116","0.0","0,0523","-6.1","0,0426","-6.1","0,0426","-12.8","0,0412","-12.8","0,0412","    4218.5","5","","","","","","","    4218.5","0","","","","","","","","","","","","","","","","","","","","","","","","","","","","","","","    410.8"," ,0","     1652"," ,0","      7.28","0","     13.93","0","      0.63","0","","","","","","","","","","","","","","","",""
"USW00024089","1958","42.89779","-106.47371","1620.9","CASPER NATRONA CO AIRPORT, WY US","","","    222.7","","     222.7","0","        90","0","        32","0","         0","0","       53","","        23","0","         7","0","       181","0","        35","0","       149","0","        22","0","        46"," ","","","        49"," ","  -22.8","0,1117, ","   229"," ,0,0327, ","   284"," ,0,0326, ","  24.9"," ,0,0326, ","   35.6","0,0813,+","-1.1","0,0927","-3.9","0,1001","-4.4","0,1010","-7.8","0,1030","-10.0","0,1115","-3.3","0,0501","-3.3","0,0501","-8.3","0,0429","-8.3","0,0429","-9.4","0,0424","    4021.9","9","","","","","","","    4021.9","0","","","","","","","","","","","","","","","","","","","","","","","","","","","","","","","    265.5"," ,0","     1834"," ,0","      8.19","0","     15.55","0","      0.82","0","","","","","","","","","","","","","","","",""
"USW00024089","1959","42.89779","-106.47371","1620.9","CASPER NATRONA CO AIRPORT, WY US","","","    293.8","","     293.8","0","        99","0","        38","0","         0","0","       59","","        26","0","        17","0","       185","0","        44","0","       120","0","        31","0","        36"," ","","","        31"," ","  -31.7","0,0103, ","   178"," ,0,0419, ","   178"," ,0,0418, ","  23.9"," ,0,0628, ","   37.8","0,0724, ","-1.7","0,0928","-2.2","0,0929","-4.4","0,0930","-15.6","0,1104","-15.6","0,1104","0.0","0,0508","-2.2","0,0425","-8.9","0,0421","-8.9","0,0421","-8.9","0,0421","    4128.7","7","","","","","","","    4128.7","0","","","","","","","","","","","","","","","","","","","","","","","","","","","","","","","    273.7"," ,0","     1756"," ,0","      7.20","0","     14.53","0","     -0.13","0","","","","","","","","","","","","","","","",""
"USW00024089","1960","42.89779","-106.47371","1620.9","CASPER NATRONA CO AIRPORT, WY US","","","    251.3","","     251.3","0","        84","0","        23","0","         0","0","       66","","        19","0","        20","0","       176","0","        45","0","       140","0","        28","0","        26"," ","","","        31"," ","  -28.3","0,0303,+","   178"," ,0,1105,+","   175"," ,0,0416, ","  14.5"," ,0,0817, ","   35.6","0,0723,+","0.0","0,1009","-3.3","0,1014","-6.7","0,1015","-6.7","0,1015","-9.4","0,1104","-1.1","0,0520","-5.0","0,0430","-5.0","0,0430","-8.9","0,0417","-8.9","0,0417","    4363.1","1","","","","","","","    4363.1","0","","","","","","","","","","","","","","","","","","","","","","","","","","","","","","","    186.8"," ,0","     1648"," ,0","      7.28","0","     14.51","0","      0.05","0","","","","","","","","","","","","","","","",""
"USW00024089","1961","42.89779","-106.47371","1620.9","CASPER NATRONA CO AIRPORT, WY US","","","    292.2","","     292.2","0","        91","0","        32","0","         0","0","       66","","        19","0","         7","0","       181","0","        38","0","       122","0","        23","0","        23"," ","","","        40"," ","  -27.8","0,1210, ","   127"," ,0,1219,+","    97"," ,0,1218,+","  20.1"," ,0,0706, ","   35.6","0,0806, ","-2.2","0,0914","-2.2","0,0914","-4.4","0,0929","-10.6","0,1029","-10.6","0,1029","-0.6","0,0508","-3.3","0,0428","-4.4","0,0425","-6.7","0,0415","-11.7","0,0329","    3909.9","9","","","","","","","    3909.9","0","","","","","","","","","","","","","","","","","","","","","","","","","","","","","","","    253.5"," ,0","     1346"," ,0","      7.63","0","     14.35","0","      0.92","0","","","","","","","","","","","","","","","",""
"USW00024089","1962","42.89779","-106.47371","1620.9","CASPER NATRONA CO AIRPORT, WY US","","","    162.6","","     162.6","0","        91","0","        31","0","         3","0","       53","","        11","0","        24","0","       156","0","        39","0","       131","0","        16","0","        31"," ","","","        48"," ","  -34.4","0,0109, ","   178"," ,0,0122,+","   107"," ,0,0222,+","  48.3"," ,0,1006, ","   34.4","0,0706, ","-1.7","0,0908","-3.3","0,1016","-5.6","0,1107","-7.2","0,1118","-10.0","0,1204","0.0","0,0515","-5.0","0,0430","-5.0","0,0430","-6.7","0,0412","-11.7","0,0330","    4540.0","0","","","","","","","    4540.0","0","","","","","","","","","","","","","","","","","","","","","","","","","","","","","","","    356.7"," ,0","     1090"," ,0","      7.69","0","     14.78","0","      0.60","0","","","","","","","","","","","","","","","",""
"USW00024089","1963","42.89779","-106.47371","1620.9","CASPER NATRONA CO AIRPORT, WY US","","","    275.4","","     275.4","0","        87","0","        27","0","         0","0","       49","","        16","0","        22","0","       163","0","        35","0","       152","0","        19","0","        20"," ","","","        37"," ","  -32.8","0,0111, ","    76"," ,0,0422,+","    69"," ,0,0421,+","  17.3"," ,0,0726, ","   35.6","0,0725, ","-1.1","0,1026","-3.9","0,1027","-9.4","0,1028","-9.4","0,1028","-9.4","0,1028","-0.6","0,0513","-2.8","0,0424","-5.6","0,0422","-7.8","0,0317","-16.1","0,0313","    3901.2","2","","","","","","","    3901.2","0","","","","","","","","","","","","","","","","","","","","","","","","","","","","","","","    201.7"," ,0","      996"," ,0","      8.49","0","     15.84","0","      1.14","0","","","","","","","","","","","","","","","",""
"USW00024089","1964","42.89779","-106.47371","1620.9","CASPER NATRONA CO AIRPORT, WY US","","","    270.2","","     270.2","0","        91","0","        25","0","         2","0","       87","","        27","0","        18","0","       190","0","        70","0","       123","0","        26","0","        31"," ","","","        26"," ","  -35.0","0,1217,+","   279"," ,0,0404,+","   333"," ,0,0402, ","  39.9"," ,0,0402, ","   35.0","0,0730,+","0.0","0,0923","-3.9","0,0926","-5.6","0,0927","-7.2","0,1005","-9.4","0,1114","0.0","0,0531","-2.2","0,0418","-5.0","0,0413","-7.8","0,0408","-8.9","0,0407","    4187.0","0","","","","","","","    4187.0","0","","","","","","","","","","","","","","","","","","","","","","","","","","","","","","","    277.2"," ,0","     2058"," ,0","      6.39","0","     13.45","0","     -0.68","0","","","","","","","","","","","","","","","",""
"USW00024089","1965","42.89779","-106.47371","1620.9","CASPER NATRONA CO AIRPORT, WY US","","","    129.0","","     129.0","0","        94","0","        42","0","         0","0","       55","","        24","0","        21","0","       180","0","        43","0","       129","0","        10","0","        41"," ","         7"," ","        31"," ","  -29.4","0,0325, ","   152"," ,0,0918,+","   147"," ,0,0508, ","  21.3"," ,0,0523, ","   35.6","0,0812, ","0.0","0,0901","-2.2","0,0915","-7.2","0,0916","-7.2","0,0916","-8.9","0,1126","-0.6","0,0527","-2.8","0,0510","-7.2","0,0329","-7.2","0,0329","-12.2","0,0327","    4501.3","3","","","","","","","    4501.3","0","","","","","","","","","","","","","","","","","","","","","","","","","","","","","","","    308.4"," ,0","     1784"," ,0","      6.86","0","     14.08","0","     -0.37","0","       320","X","","","","","","","      23.7","X","","","","","",""
"USW00024089","1966","42.89779","-106.47371","1620.9","CASPER NATRONA CO AIRPORT, WY US","","","    279.3","","     279.3","0","        85","0","        25","0","         0","0","       67","","        25","0","        25","0","       191","0","        47","0","       139","0","        38","0","        29"," ","         5"," ","        23"," ","  -26.7","0,0120, ","   203"," ,0,0419, ","   259"," ,0,0418, ","  14.5"," ,0,0812, ","   37.2","0,0730,+","0.0","0,1001","-2.2","0,1004","-5.6","0,1014","-7.2","0,1016","-9.4","0,1031","0.0","0,0605","-2.8","0,0519","-6.7","0,0428","-6.7","0,0428","-18.9","0,0420","    4141.7","7","","","","","","","    4141.7","0","","","","","","","","","","","","","","","","","","","","","","","","","","","","","","","    207.5"," ,0","     1896"," ,0","      7.63","0","     15.49","0","     -0.24","0","       270","X","","","","","","","      24.1","X","","","","","",""
"USW00024089","1967","42.89779","-106.47371","1620.9","CASPER NATRONA CO AIRPORT, WY US","","","    187.2","","     187.2","0","       129","0","        53","0","         0","0","       80","","        35","0","        19","0","       186","0","        57","0","       130","0","        19","0","        36"," ","        11"," ","        49"," ","  -28.3","0,1230, ","   102"," ,0,1225,+","   132"," ,0,0513, ","  21.1"," ,0,0622, ","   35.0","0,0824,+","0.0","0,1007","-5.0","0,1020","-5.0","0,1020","-6.7","0,1027","-9.4","0,1029","-0.6","0,0514","-2.2","0,0512","-6.7","0,0501","-6.7","0,0501","-11.1","0,0422","    4097.9","9","","","","","","","    4097.9","0","","","","","","","","","","","","","","","","","","","","","","","","","","","","","","","    390.1"," ,0","     2068"," ,0","      7.08","0","     14.38","0","     -0.22","0","       250","X","","","","","","","      24.1","X","","","","","",""
"USW00024089","1968","42.89779","-106.47371","1620.9","CASPER NATRONA CO AIRPORT, WY US","","","    151.7","","     151.7","0","        99","0","        42","0","         0","0","       62","","        20","0","        16","0","       198","0","        51","0","       116","0","        15","0","        38"," ","         8"," ","        30"," ","  -33.3","0,1230, ","   178"," ,0,1221,+","   188"," ,0,1217, ","  17.3"," ,0,0523, ","   35.0","0,0807,+","0.0","0,0916","-3.9","0,1003","-6.1","0,1009","-7.2","0,1017","-8.9","0,1107","-1.7","0,0520","-2.8","0,0519","-8.3","0,0511","-8.3","0,0511","-15.0","0,0404","    4378.9","9","","","","","","","    4378.9","0","","","","","","","","","","","","","","","","","","","","","","","","","","","","","","","    302.2"," ,0","     1615"," ,0","      6.58","0","     13.97","0","     -0.81","0","       290","X","","","","","","","      20.6","X","","","","","",""
"USW00024089","1969","42.89779","-106.47371","1620.9","CASPER NATRONA CO AIRPORT, WY US","","","    263.0","","     263.0","0","        86","0","        34","0","         1","0","       47","","        21","0","        11","0","       184","0","        39","0","       138","0","        41","0","        49"," ","        12"," ","        23"," ","  -22.8","0,0123, ","   127"," ,0,1118,+","   198"," ,0,0319, ","  31.0"," ,0,0610, ","   37.2","0,0810, ","-2.8","0,1003","-2.8","0,1003","-7.8","0,1011","-7.8","0,1011","-12.8","0,1012","-1.1","0,0614","-2.2","0,0613","-5.0","0,0427","-7.8","0,0329","-10.6","0,0325","    4311.1","1","","","","","","","    4311.1","0","","","","","","","","","","","","","","","","","","","","","","","","","","","","","","","    272.0"," ,0","     1634"," ,0","      7.72","0","     15.37","0","      0.08","0","       210","X","","","","","","","      21.5","X","","","","","",""
"USW00024089","1970","42.89779","-106.47371","1620.9","CASPER NATRONA CO AIRPORT, WY US","","","    285.1","","     285.1","0","        93","0","        37","0","         1","0","       72","","        27","0","        18","0","       200","0","        39","0","       129","0","        36","0","        31"," ","        15"," ","        30"," ","  -30.6","0,0108,+","   178"," ,0,1007, ","   137"," ,0,0128, ","  26.9"," ,0,0612, ","   38.3","0,0627, ","-1.1","0,0910","-2.8","0,0922","-10.0","0,1007","-10.0","0,1007","-10.0","0,1007","-0.6","0,0515","-2.8","0,0501","-5.6","0,0418","-6.7","0,0403","-15.0","0,0401","    4250.9","9","","","","","","","    4250.9","0","","","","","","","","","","","","","","","","","","","","","","","","","","","","","","","    306.4"," ,0","     2022"," ,0","      7.08","0","     14.57","0","     -0.42","0","       250","X","","","","","","","      21.9","X","","","","","",""
"USW00024089","1971","42.89779","-106.47371","1620.9","CASPER NATRONA CO AIRPORT, WY US","","","    208.8","","     208.8","0","        93","0","        34","0","         4","0","       73","","        28","0","        19","0","       194","0","        56","0","       125","0","        28","0","        43"," ","        16"," ","        29"," ","  -26.7","0,0207, ","   305"," ,0,1030,+","   290"," ,0,0419, ","  35.3"," ,0,0504, ","   35.6","0,0716, ","-0.6","0,0915","-2.2","0,0916","-4.4","0,0918","-9.4","0,1027","-9.4","0,1027","-1.1","0,0519","-2.2","0,0426","-6.1","0,0413","-6.7","0,0405","-13.9","0,0401","    4365.5","5","","","","","","","    4365.5","0","","","","","","","","","","","","","","","","","","","","","","","","","","","","","","","    381.1"," ,0","     2195"," ,0","      6.60","0","     13.92","0","     -0.72","0","       210","X","","","","","","","      19.2","X","","","","","",""
"USW00024089","1972","42.89779","-106.47371","1620.9","CASPER NATRONA CO AIRPORT, WY US","","","    160.1","","     160.1","0","       100","0","        35","0","         0","0","       78","","        25","0","        22","0","       174","0","        51","0","       128","0","        17","0","        36"," ","        11"," ","        35"," ","  -40.0","0,0114,+","   254"," ,0,0113, ","   246"," ,0,0112, ","  20.3"," ,0,0823, ","   36.7","0,0812, ","-2.2","0,0921","-2.2","0,0921","-5.6","0,0925","-6.7","0,1028","-10.0","0,1029","-1.1","0,0704","-2.8","0,0503","-4.4","0,0424","-15.0","0,0403","-15.0","0,0403","    4365.8","8","","","","","","","    4365.8","0","","","","","","","","","","","","","","","","","","","","","","","","","","","","","","","    302.5"," ,0","     2082"," ,0","      6.64","0","     14.08","0","     -0.80","0","       270","X","","","","","","","      22.8","X","","","","","",""
"USW00024089","1973","42.89779","-106.47371","1620.9","CASPER NATRONA CO AIRPORT, WY US","","","    212.9","","     212.9","0","        95","0","        44","0","         3","0","       79","","        32","0","        15","0","       184","0","        49","0","       124","0","        22","0","        40"," ","         7"," ","        29"," ","  -31.1","0,0109, ","   508"," ,0,0420, ","   419"," ,0,0419, ","  37.1"," ,0,0902, ","   37.2","0,0706, ","-0.6","0,0916","-2.2","0,1004","-5.6","0,1026","-6.7","0,1027","-8.9","0,1101","0.0","0,0530","-2.2","0,0512","-6.1","0,0422","-10.0","0,0421","-10.0","0,0421","    4714.4","4","","","","","","","    4714.4","0","","","","","","","","","","","","","","","","","","","","","","","","","","","","","","","    383.7"," ,0","     3004"," ,0","      6.72","0","     13.55","0","     -0.11","0","       210","X","","","","","","","      24.1","X","","","","","",""
"USW00024089","1974","42.89779","-106.47371","1620.9","CASPER NATRONA CO AIRPORT, WY US","","","    218.1","","     218.1","0","        75","0","        29","0","         2","0","       58","","        26","0","        12","0","       180","0","        48","0","       130","0","        24","0","        15"," ","         3"," ","        29"," ","  -33.3","0,0111, ","   127"," ,0,0421,+","   267"," ,0,0420, ","  46.2"," ,0,0420, ","   35.0","0,0713, ","0.0","0,0912","-2.2","0,1006","-4.4","0,1103","-6.7","0,1111","-11.1","0,1113","0.0","0,0601","-3.9","0,0514","-4.4","0,0503","-6.7","0,0405","-13.3","0,0324","    4202.6","6","","","","","","","    4202.6","0","","","","","","","","","","","","","","","","","","","","","","","","","","","","","","","    280.5"," ,0","     1810"," ,0","      7.22","0","     14.39","0","      0.06","0","       210","X","","","","","","","      24.6","X","","","","","",""
"USW00024089","1975","42.89779","-106.47371","1620.9","CASPER NATRONA CO AIRPORT, WY US","","","    210.6","","     210.6","0","       110","0","        32","0","         0","0","       85","","        30","0","        28","0","       184","0","        65","0","       126","0","        19","0","        33"," ","        13"," ","        34"," ","  -26.7","0,0111, ","   229"," ,0,0520, ","   213"," ,0,0520, ","  22.9"," ,0,0528, ","   35.0","0,0728,+","-3.3","0,0920","-3.3","0,0920","-5.0","0,1023","-7.8","0,1024","-8.9","0,1025","0.0","0,0526","-2.8","0,0502","-4.4","0,0501","-8.3","0,0409","-18.9","0,0402","    4602.0","0","","","","","","","    4602.0","0","","","","","","","","","","","","","","","","","","","","","","","","","","","","","","","    304.4"," ,0","     3148"," ,0","      6.46","0","     13.61","0","     -0.69","0","       230","X","","","","","","","      19.7","X","","","","","",""
"USW00024089","1976","42.89779","-106.47371","1620.9","CASPER NATRONA CO AIRPORT, WY US","","","    233.9","","     233.9","0","        82","0","        30","0","         0","0","       56","","        21","0","        17","0","       176","0","        37","0","       132","0","        18","0","        16"," ","         6"," ","        32"," ","  -25.6","0,0205, ","   127"," ,0,0206,+","   124"," ,0,0210, ","  21.3"," ,0,0416, ","   37.2","0,0709, ","-0.6","0,0909","-2.8","0,1007","-4.4","0,1015","-7.2","0,1016","-15.0","0,1112","-1.7","0,0516","-2.2","0,0430","-4.4","0,0405","-9.4","0,0403","-9.4","0,0403","    4110.1","1","","","","","","","    4110.1","0","","","","","","","","","","","","","","","","","","","","","","","","","","","","","","","    302.5"," ,0","     1212"," ,0","      7.69","0","     14.94","0","      0.44","0","       210","X","","","","","       270","X","      17.9","X","","","","","      25.7","X"
"USW00024089","1977","42.89779","-106.47371","1620.9","CASPER NATRONA CO AIRPORT, WY US","","","    261.1","","     261.1","0","        93","0","        30","0","         2","0","       58","","        26","0","        17","0","       174","0","        40","0","       152","0","        25","0","        18"," ","         5"," ","        40"," ","  -30.6","0,1209, ","   356"," ,0,1120, ","   206"," ,0,1119, ","  29.0"," ,0,0723, ","   37.2","0,0717, ","0.0","0,0909","-3.3","0,1002","-5.6","0,1011","-6.7","0,1031","-12.8","0,1108","-0.6","0,0505","-2.8","0,0420","-13.9","0,0403","-13.9","0,0403","-13.9","0,0403","    4005.9","9","","","","","","","    4005.9","0","","","","","","","","","","","","","","","","","","","","","","","","","","","","","","","    255.0"," ,0","     2311"," ,0","      8.07","0","     15.78","0","      0.35","0","       360","X","","","","","       225","X","      19.7","X","","","","","      26.7","X"
"USW00024089","1978","42.89779","-106.47371","1620.9","CASPER NATRONA CO AIRPORT, WY US","","","    234.2","","     234.2","0","       110","0","        41","0","         3","0","      109","","        31","0","        36","0","       185","0","        67","0","       130","0","        26","0","        44"," ","        13"," ","        31"," ","  -36.7","0,1231, ","   229"," ,0,1207, ","   330"," ,0,0504, ","  49.8"," ,0,0517, ","   36.1","0,0727, ","-0.6","0,0914","-3.3","0,0919","-5.0","0,1013","-7.8","0,1105","-15.0","0,1110","0.0","0,0508","-4.4","0,0424","-4.4","0,0424","-6.7","0,0413","-13.3","0,0315","    4263.3","3","","","","","","","    4263.3","0","","","","","","","","","","","","","","","","","","","","","","","","","","","","","","","    449.3"," ,0","     2864"," ,0","      6.24","0","     13.60","0","     -1.12","0","       280","X","","","","","","","      21.5","X","","","","","",""
"USW00024089","1979","42.89779","-106.47371","1620.9","CASPER NATRONA CO AIRPORT, WY US","","","    221.6","","     221.6","0","       102","0","        35","0","         1","0","       74","","        25","0","        32","0","       191","0","        61","0","       139","0","        32","0","        30"," ","         9"," ","        30"," ","  -33.9","0,0101, ","   356"," ,0,1121, ","   305"," ,0,1120, ","  34.3"," ,0,0819, ","   38.9","0,0805, ","-1.1","0,0914","-2.2","0,1013","-5.0","0,1021","-8.9","0,1030","-8.9","0,1030","0.0","0,0601","-2.8","0,0531","-4.4","0,0413","-8.3","0,0412","-9.4","0,0402","    4823.7","7","","","","","","","    4823.7","0","","","","","","","","","","","","","","","","","","","","","","","","","","","","","","","    319.6"," ,0","     2618"," ,0","      6.57","0","     14.14","0","     -0.99","0","       220","X","","","","","       225","X","      20.6","X","","","","","      29.8","X"
"USW00024089","1980","42.89779","-106.47371","1620.9","CASPER NATRONA CO AIRPORT, WY US","","","    217.6","","     217.6","0","        92","0","        28","0","         0","0","       59","","        26","0","        21","0","       178","0","        41","0","       133","0","        34","0","        29"," ","         9"," ","        32"," ","  -35.6","0,0128, ","   254"," ,0,0130, ","   178"," ,0,0125, ","  24.6"," ,0,0510, ","   36.7","0,0729,+","-1.7","0,0922","-2.8","0,0925","-5.0","0,1010","-6.7","0,1011","-15.0","0,1114","-1.1","0,0518","-2.2","0,0513","-5.0","0,0425","-7.2","0,0413","-8.9","0,0412","    4306.3","3","","","","","","","    4306.3","0","","","","","","","","","","","","","","","","","","","","","","","","","","","","","","","    236.1"," ,0","     2447"," ,0","      7.58","0","     15.38","0","     -0.23","0","       210","X","","","","","       360","X","      19.2","X","","","","","      30.8","X"
"USW00024089","1981","42.89779","-106.47371","1620.9","CASPER NATRONA CO AIRPORT, WY US","","","    270.9","","     270.9","0","        95","0","        35","0","         0","0","       22","","        14","0","         8","0","       161","0","        24","0","       135","0","        38","0","        40"," ","         5"," ","        36"," ","  -28.3","0,0210, ","   127"," ,0,0404,+","   231"," ,0,0403, ","  18.5"," ,0,0403, ","   38.3","0,0706, ","-2.2","0,0927","-2.2","0,0927","-4.4","0,1006","-6.7","0,1021","-9.4","0,1022","0.0","0,0519","-4.4","0,0414","-4.4","0,0414","-7.2","0,0405","-10.6","0,0311","    3649.6","6","","","","","","","    3649.6","0","","","","","","","","","","","","","","","","","","","","","","","","","","","","","","","    276.0"," ,0","     1325"," ,0","      8.92","0","     16.77","0","      1.08","0","       240","X","","","","","       180","X","      17.9","X","","","","","      26.7","X"
"USW00024089","1982","42.89779","-106.47371","1620.9","CASPER NATRONA CO AIRPORT, WY US","","","    291.7","","     291.7","0","       121","0","        47","0","         4","0","       71","","        35","0","        24","0","       172","0","        46","0","       117","0","        42","0","        62"," ","        11"," ","        39"," ","  -32.8","0,0204, ","   533"," ,0,1224, ","   617"," ,0,1224, ","  54.4"," ,0,0614, ","   37.8","0,0721, ","0.0","0,0914","-2.8","0,0919","-5.0","0,1009","-10.0","0,1010","-10.0","0,1010","-0.6","0,0531","-4.4","0,0506","-4.4","0,0506","-7.2","0,0421","-14.4","0,0408","    4144.1","1","","","","","","","    4144.1","0","","","","","","","","","","","","","","","","","","","","","","","","","","","","","","","    521.3"," ,0","     3495"," ,0","      7.07","0","     14.45","0","     -0.31","0","       260","X","","","","","       225","X","      20.6","X","","","","","      29.8","X"
"USW00024089","1983","42.89779","-106.47371","1620.9","CASPER NATRONA CO AIRPORT, WY US","","","    330.2","","     330.2","0","       127","0","        47","0","         2","0","       93","","        31","0","        21","0","       177","0","        48","0","       128","0","        48","0","        67"," ","        11"," ","        42"," ","  -39.4","0,1223, ","   305"," ,0,1109, ","   264"," ,0,1121, ","  45.2"," ,0,0722, ","   38.3","0,0714, ","-0.6","0,0918","-4.4","0,0919","-4.4","0,0919","-8.9","0,0920","-8.9","0,0920","-1.1","0,0520","-2.8","0,0515","-5.6","0,0513","-12.8","0,0414","-12.8","0,0414","    4189.3","3","","","","","","","    4189.3","0","","","","","","","","","","","","","","","","","","","","","","","","","","","","","","","    468.6"," ,0","     2900"," ,0","      7.39","0","     14.63","0","      0.15","0","       250","X","","","","","       225","X","      20.1","X","","","","","      28.8","X"
"USW00024089","1984","42.89779","-106.47371","1620.9","CASPER NATRONA CO AIRPORT, WY US","       6.3","X","    239.6","","     239.6","0","       113","0","        47","0","         1","0","       80","","        36","0","        14","0","       206","0","        42","0","       129","0","        28","0","        47"," ","         7"," ","        41"," ","  -29.4","0,0118,+","   254"," ,0,0118,+","   191"," ,0,0426, ","  30.0"," ,0,0709, ","   35.6","0,0629, ","0.0","0,0915","-3.9","0,0923","-5.6","0,0924","-6.7","0,0925","-10.6","0,1021","0.0","0,0528","-7.2","0,0430","-7.2","0,0430","-7.2","0,0430","-10.6","0,0428","    4460.2","2","      23.9","0,0,1","      23.3","0,0,2","      22.8","0,0,3","    4460.2","0","      26.1","0,0,1","      25.6","0,0,2","      23.3","0,0,3","      -1.1","0,0,1","       0.0","0,0,2","       0.0","0,0,3","      -0.6","0,0,1","       0.0","0,0,2","       0.0","0,0,3","       8.5","0,0,1","       8.7","0,0,2","       8.5","0,0,3","       9.7","0,0,1","      10.1","0,0,2","       9.1","0,0,3","    340.0"," ,0","     3081"," ,0","      6.79","0","     14.12","0","     -0.54","0","       220","X","","","","","       225","X","      21.0","X","","","","","      29.3","X"
"USW00024089","1985","42.89779","-106.47371","1620.9","CASPER NATRONA CO AIRPORT, WY US","       6.1","X","    204.3","","     204.3","0","        91","0","        34","0","         0","0","      104","","        35","0","        33","0","       199","0","        71","0","       135","0","        28","0","        50"," ","         9"," ","        33"," ","  -32.2","0,0201,+","   229"," ,0,1211,+","   191"," ,0,0425, ","  21.3"," ,0,0730, ","   36.7","0,0711, ","0.0","0,0919","-3.9","0,0920","-5.6","0,0928","-8.3","0,0930","-13.9","0,1109","-0.6","0,0612","-2.2","0,0506","-5.6","0,0426","-6.7","0,0425","-8.9","0,0407","    4548.5","5","      23.9","0,0,1","      24.4","0,0,2","      22.8","0,0,3","    4548.5","0","      27.8","0,0,1","      26.1","0,0,2","      23.9","0,0,3","      -7.2","0,0,1","      -5.6","0,0,2","      -5.0","0,0,3","      -5.6","0,0,1","      -5.0","0,0,2","      -5.0","0,0,3","       8.6","0,0,1","       8.9","0,0,2","       8.4","0,0,3","      10.2","0,0,1","      10.5","0,0,2","       9.3","0,0,3","    297.7"," ,0","     2564"," ,0","      5.81","0","     13.40","0","     -1.77","0","       230","X","","","","","       225","X","      21.9","X","","","","","      28.8","X"
"USW00024089","1986","42.89779","-106.47371","1620.9","CASPER NATRONA CO AIRPORT, WY US","       6.0","X","    212.3","","     212.3","0","       101","0","        42","0","         3","0","       57","","        26","0","        14","0","       172","0","        28","0","       125","0","        24","0","        60"," ","         9"," ","        44"," ","  -27.8","0,0209, ","   178"," ,0,1108,+","   338"," ,0,1002, ","  54.6"," ,0,0619, ","   37.2","0,0818, ","-2.2","0,0929","-2.2","0,0929","-4.4","0,1011","-7.8","0,1012","-12.2","0,1107","-1.1","0,0524","-2.2","0,0523","-4.4","0,0501","-7.2","0,0415","-9.4","0,0414","    4205.7","7","      23.9","0,0,1","      23.3","0,0,2","      23.9","0,0,3","    4205.7","0","      26.7","0,0,1","      26.1","0,0,2","      24.4","0,0,3","       0.6","0,0,1","       0.6","0,0,2","       0.0","0,0,3","       0.6","0,0,1","       1.1","0,0,2","       0.6","0,0,3","       9.6","0,0,1","       9.8","0,0,2","       9.4","0,0,3","      11.0","0,0,1","      11.3","0,0,2","      10.1","0,0,3","    405.1"," ,0","     2293"," ,0","      8.29","0","     15.55","0","      1.03","0","       240","X","","","","","       225","X","      20.6","X","","","","","      28.8","X"
"USW00024089","1987","42.89779","-106.47371","1620.9","CASPER NATRONA CO AIRPORT, WY US","       5.4","X","    216.6","","     216.6","0","       113","0","        39","0","         1","0","       80","","        26","0","        13","0","       176","0","        49","0","       146","0","        29","0","        50"," ","        10"," ","        39"," ","  -24.4","0,1224, ","   305"," ,0,0227,+","   257"," ,0,0226, ","  26.9"," ,0,0728, ","   36.1","0,0802,+","-1.7","0,0918","-2.2","0,1009","-4.4","0,1010","-6.7","0,1011","-12.8","0,1115","0.0","0,0521","-3.9","0,0414","-8.9","0,0402","-8.9","0,0402","-8.9","0,0402","    3999.9","9","","","","","","","    3999.9","0","","","","","","","","","","","","","","","","","","","","","","","","","","","","","","","    330.9"," ,0","     2201"," ,0","      8.01","0","     15.53","0","      0.49","0","       240","X","","","","","       225","X","      20.1","X","","","","","      28.8","X"
"USW00024089","1988","42.89779","-106.47371","1620.9","CASPER NATRONA CO AIRPORT, WY US","       5.5","X","    391.4","","     391.4","0","        72","0","        26","0","         0","0","       72","","        22","0","        14","0","       181","0","        49","0","       153","0","        57","0","        23"," ","         3"," ","        32"," ","  -22.2","0,1226,+","   254"," ,0,0317, ","   170"," ,0,0422, ","  13.0"," ,0,0510, ","   38.9","0,0624, ","0.0","0,0928","-2.8","0,1007","-7.8","0,1027","-7.8","0,1027","-9.4","0,1110","-0.6","0,0509","-3.3","0,0504","-5.0","0,0427","-8.3","0,0426","-10.0","0,0401","    4151.4","4","","","","","","","    4151.4","0","","","","","","","","","","","","","","","","","","","","","","","","","","","","","","","    166.9"," ,0","     1643"," ,0","      8.31","0","     16.22","0","      0.40","0","       220","X","","","","","       315","X","      20.1","X","","","","","      28.3","X"
"USW00024089","1989","42.89779","-106.47371","1620.9","CASPER NATRONA CO AIRPORT, WY US","       5.4","X","    260.8","","     260.8","0","       102","0","        30","0","         2","0","       61","","        17","0","        26","0","       171","0","        51","0","       135","0","        33","0","        35"," ","         7"," ","        36"," ","  -33.9","0,0203, ","   279"," ,0,0207,+","   163"," ,0,0201, ","  51.1"," ,0,0920, ","   38.9","0,0708, ","-0.6","0,0910","-2.8","0,0911","-6.1","0,1018","-12.8","0,1029","-12.8","0,1029","-1.7","0,0526","-4.4","0,0501","-4.4","0,0501","-6.7","0,0412","-8.9","0,0411","    4205.2","2","      24.4","0,0,1","      24.4","0,0,2","      23.3","0,0,3","    4205.2","0","      26.1","0,0,1","      25.6","0,0,2","      26.1","0,0,3","      -2.8","0,0,1","      -2.2","0,0,2","      -2.8","0,0,3","      -2.2","0,0,1","      -1.7","0,0,2","      -2.8","0,0,3","       9.1","0,0,1","       9.3","0,0,2","       8.8","0,0,3","      10.3","0,0,1","      10.5","0,0,2","       9.5","0,0,3","    350.6"," ,0","     1371"," ,0","      7.34","0","     15.02","0","     -0.35","0","       220","X","","","","","       360","X","      17.0","X","","","","","      25.2","X"
"USW00024089","1990","42.89779","-106.47371","1620.9","CASPER NATRONA CO AIRPORT, WY US","       5.9","X","    251.9","","     251.9","0","        97","0","        40","0","         0","0","       57","","        21","0","        16","0","       184","0","        34","0","       135","0","        29","0","        26"," ","        11"," ","        55"," ","  -40.6","0,1221, ","   279"," ,0,0215,+","   188"," ,0,0306, ","  21.3"," ,0,0804, ","   38.9","0,0630, ","-2.2","0,1003","-2.2","0,1003","-5.6","0,1008","-6.7","0,1017","-9.4","0,1103","0.0","0,0526","-2.2","0,0517","-6.7","0,0510","-6.7","0,0510","-8.9","0,0429","    3947.7","7","      23.3","0,0,1","      23.3","0,0,2","      22.2","0,0,3","    3947.7","0","      24.4","0,0,2","      22.8","0,0,3","","","      -2.8","0,0,1","      -2.8","0,0,2","      -3.3","0,0,3","      -2.8","0,0,2","      -3.3","0,0,3","","","       9.2","0,0,1","       9.6","0,0,2","       8.8","0,0,3","      10.4","0,0,2","       9.3","0,0,3","","","    319.3"," ,0","     1708"," ,0","      7.78","0","     15.60","0","     -0.04","0","       240","X","","","","","","","      21.5","X","","","","","",""
"USW00024089","1991","42.89779","-106.47371","1620.9","CASPER NATRONA CO AIRPORT, WY US","       5.7","X","    284.2","","     284.2","0","        95","0","        39","0","         1","0","       64","","        24","0","        13","0","       187","0","        35","0","       142","0","        33","0","        27"," ","         4"," ","        53"," ","  -27.8","0,0129, ","   229"," ,0,0413, ","   135"," ,0,1114, ","  38.6"," ,0,0515, ","   37.2","0,0714, ","-0.6","0,0918","-3.3","0,0919","-4.4","0,1020","-10.0","0,1027","-10.0","0,1027","-1.1","0,0506","-2.8","0,0505","-5.6","0,0501","-6.7","0,0414","-10.0","0,0314","    4061.6","6","      23.3","0,0,1","      22.2","0,0,2","      21.1","0,0,3","    4061.6","0","      23.9","0,0,1","      22.2","0,0,2","      21.1","0,0,3","      -2.8","0,0,1","      -2.8","0,0,2","      -3.3","0,0,3","      -2.2","0,0,1","      -2.8","0,0,2","      -3.3","0,0,3","       8.8","0,0,1","       9.1","0,0,2","       8.3","0,0,3","       9.7","0,0,1","       9.7","0,0,2","       8.7","0,0,3","    315.7"," ,0","     1694"," ,0","      8.11","0","     15.47","0","      0.75","0","       290","X","","","","","       270","X","      19.7","X","","","","","      28.8","X"
"USW00024089","1992","42.89779","-106.47371","1620.9","CASPER NATRONA CO AIRPORT, WY US","       5.7","X","    208.5","","     208.5","0","        83","0","        31","0","         0","0","       46","","        14","0","         9","0","       164","0","        34","0","       148","0","        22","0","        16"," ","         4"," ","        43"," ","  -28.9","0,1205, ","   178"," ,0,1124, ","   163"," ,0,1103, ","  14.2"," ,0,0308, ","   37.2","0,0809, ","-0.6","0,0918","-2.2","0,1007","-5.6","0,1015","-7.8","0,1016","-15.6","0,1124","-0.6","0,0517","-5.6","0,0425","-5.6","0,0425","-6.7","0,0407","-10.6","0,0218","    3656.3","3","      22.2","0,0,1","      21.7","0,0,2","      20.6","0,0,3","    3656.3","0","      22.8","0,0,1","      22.2","0,0,2","      20.6","0,0,3","      -1.1","0,0,1","       0.0","0,0,2","      -1.1","0,0,3","      -1.1","0,0,1","       0.0","0,0,2","      -1.1","0,0,3","       9.5","0,0,1","       9.8","0,0,2","       8.9","0,0,3","      10.2","0,0,1","      10.4","0,0,2","       9.3","0,0,3","    238.2"," ,0","     1231"," ,0","      8.86","0","     16.53","0","      1.19","0","       300","X","","","","","       225","X","      19.7","X","","","","","      26.7","X"
"USW00024089","1993","42.89779","-106.47371","1620.9","CASPER NATRONA CO AIRPORT, WY US","       5.4","X","    143.6","","     143.6","0","       110","0","        43","0","         2","0","       85","","        25","0","        19","0","       158","0","        50","0","       132","0","        19","0","        25"," ","         6"," ","        45"," ","  -30.6","0,0217, ","   203"," ,0,0413, ","   251"," ,0,0413, ","  44.2"," ,0,0505, ","   37.2","0,0729, ","-1.1","0,0913","-3.9","0,1008","-6.7","0,1028","-6.7","0,1028","-10.6","0,1029","-1.7","0,0501","-3.9","0,0421","-5.0","0,0415","-7.8","0,0414","-11.1","0,0317","    4190.5","5","      21.1","0,0,1","","","","","    4190.5","0","      22.2","0,0,1","","","","","      -2.8","0,0,1","","","","","      -2.8","0,0,1","","","","","       8.2","0,0,1","","","","","       8.8","0,0,1","","","","","    405.4"," ,0","     2020"," ,0","      7.13","0","     14.04","0","      0.22","0","       220","X","","","","","       225","X","      19.7","X","","","","","      26.7","X"
"USW00024089","1994","42.89779","-106.47371","1620.9","CASPER NATRONA CO AIRPORT, WY US","       5.2","X","    380.5","","     380.5","0","       100","0","        32","0","         3","0","       44","","        23","0","        10","0","       159","0","        29","0","       154","0","        51","0","        30"," ","        10"," ","        38"," ","  -25.0","0,0225, ","   305"," ,0,1104,+","   325"," ,0,1003, ","  33.5"," ,0,1003, ","   38.3","0,0710, ","0.0","0,0921","-2.2","0,1023","-4.4","0,1024","-7.2","0,1030","-15.6","0,1103","-1.1","0,0430","-4.4","0,0428","-4.4","0,0428","-6.7","0,0427","-11.1","0,0324","    3729.5","5","","","","","","","    3729.5","0","","","","","","","","","","","","","","","","","","","","","","","","","","","","","","","    356.6"," ,0","     2119"," ,0","      9.48","0","     17.14","0","      1.83","0","       230","X","","","","","       270","X","      17.9","X","","","","","      27.2","X"
"USW00024089","1995","42.89779","-106.47371","1620.9","CASPER NATRONA CO AIRPORT, WY US","       4.9","X","    258.0","","     258.0","0","       112","0","        45","0","         1","0","       68","","        26","0","         9","0","       171","0","        35","0","       115","0","        39","0","        36"," ","         9"," ","        38"," ","  -22.8","0,1208, ","   279"," ,0,0215, ","   259"," ,0,0214, ","  42.2"," ,0,0508, ","   38.3","0,0729, ","-2.2","0,0920","-2.2","0,0920","-9.4","0,1023","-9.4","0,1023","-9.4","0,1023","-1.7","0,0514","-2.2","0,0501","-5.0","0,0427","-7.2","0,0426","-10.0","0,0411","    3997.1","1","","","","","","","    3997.1","0","","","","","","","","","","","","","","","","","","","","","","","","","","","","","","","    482.2"," ,0","     2246"," ,0","      7.80","0","     15.05","0","      0.54","0","       260","X","","","","","       270","X","      20.6","X","","","","","      28.8","X"
"USW00024089","1996","42.89779","-106.47371","1620.9","CASPER NATRONA CO AIRPORT, WY US","       5.3","X","    178.8","","     178.8","0","        95","0","        38","0","         0","0","","","","","        32","0","       186","0","        51","0","       133","0","        34","0","        77"," ","        16"," ","        51"," ","  -32.8","0,0202, ","","","","","  15.2"," ,0,0419, ","   37.2","0,0812, ","-1.7","0,0923","-3.3","0,0924","-4.4","0,0926","-7.2","0,1017","-11.7","0,1027","-1.1","0,0521","-2.2","0,0505","-4.4","0,0429","-7.2","0,0428","-23.3","0,0325","    4213.7","7","","","","","","","    4213.7","0","","","","","","","","","","","","","","","","","","","","","","","","","","","","","","","    275.4"," ,0","","","      6.93","0","     15.03","0","     -1.17","0","","","","","","","","","","","","","","","",""
"USW00024089","1997","42.89779","-106.47371","1620.9","CASPER NATRONA CO AIRPORT, WY US","       5.3","X","    192.1","","     192.1","0","       107","0","        37","0","         0","0","","","","","        21","0","       187","0","        67","0","       138","0","        22","0","       100"," ","        24"," ","        45"," ","  -28.3","0,0112,+","","","","","  24.4"," ,0,0526, ","   36.7","0,0717,+","-1.1","0,1005","-5.6","0,1013","-5.6","0,1013","-6.7","0,1024","-10.6","0,1025","-1.7","0,0520","-3.9","0,0512","-5.0","0,0425","-6.7","0,0423","-9.4","0,0413","    4390.4","4","","","","","","","    4390.4","0","","","","","","","","","","","","","","","","","","","","","","","","","","","","","","","    307.0"," ,0","","","      6.82","0","     14.28","0","     -0.63","0","","","       290","X","       270","X","","","","","      21.5","X","      25.0","X","",""
"USW00024089","1998","42.89779","-106.47371","1620.9","CASPER NATRONA CO AIRPORT, WY US","       5.1","X","    275.3","","     275.3","0","        91","0","        32","0","         3","0","","","","","        15","0","       180","0","        37","0","       128","0","        33","0","        83"," ","        20"," ","        25"," ","  -31.7","0,1223,+","","","","","  52.3"," ,0,1016, ","   39.4","0,0718, ","0.0","0,1004","-2.8","0,1012","-5.0","0,1020","-6.7","0,1107","-8.9","0,1109","-0.6","0,0606","-2.2","0,0502","-4.4","0,0426","-11.1","0,0331","-11.1","0,0331","    4208.6","6","","","","","","","    4208.6","0","","","","","","","","","","","","","","","","","","","","","","","","","","","","","","","    368.7"," ,0","","","      7.98","0","     15.25","0","      0.72","0","","","       250","X","       300","X","","","","","      22.8","X","      31.3","X","",""
"USW00024089","1999","42.89779","-106.47371","1620.9","CASPER NATRONA CO AIRPORT, WY US","       5.4","X","    227.7","","     227.7","0","        89","0","        30","0","         0","0","","","        18","0","         3","0","       184","0","        23","0","       139","0","        32","0","        79"," ","        11"," ","        16"," ","  -22.8","0,0103, ","","","   152"," ,0,0401, ","  18.0"," ,0,0519, ","   37.2","0,0707, ","0.0","0,0908","-3.3","0,0913","-4.4","0,1005","-6.7","0,1016","-11.1","0,1101","-0.6","0,0517","-2.2","0,0512","-4.4","0,0511","-6.7","0,0417","-12.8","0,0405","    3941.6","6","","","","","","","    3941.6","0","","","","","","","","","","","","","","","","","","","","","","","","","","","","","","","    227.8"," ,0","     1316"," ,0","      8.38","0","     16.23","0","      0.52","0","","","       200","X","       200","X","","","","","      22.8","X","      29.5","X","",""
"USW00024089","2000","42.89779","-106.47371","1620.9","CASPER NATRONA CO AIRPORT, WY US","       5.1","X","    297.9","","     297.9","0","        81","0","        28","0","         1","0","","","        28","0","        15","0","       183","0","        44","0","       135","0","        53","0","        81"," ","        15"," ","        13"," ","  -28.3","0,1111, ","","","   246"," ,0,0127, ","  56.4"," ,0,0517, ","   37.8","0,0723,+","0.0","0,0921","-3.9","0,0922","-4.4","0,0923","-10.0","0,1007","-10.0","0,1007","-3.3","0,0513","-3.3","0,0513","-5.0","0,0430","-8.3","0,0416","-8.9","0,0415","    3696.9","9","","","","","","","    3696.9","0","","","","","","","","","","","","","","","","","","","","","","","","","","","","","","","    272.9"," ,0","     2229"," ,0","      7.56","0","     15.63","0","     -0.51","0","","","       240","X","       270","X","","","","","      21.0","X","      26.4","X","",""
"USW00024089","2001","42.89779","-106.47371","1620.9","CASPER NATRONA CO AIRPORT, WY US","       5.1","X","    356.0","","     356.0","0","        81","0","        22","0","         0","0","","","        19","0","         6","0","       183","0","        46","0","       153","0","        46","0","        82"," ","        13"," ","        30"," ","  -26.7","0,0208, ","","","    79"," ,0,0207, ","  10.4"," ,0,0914, ","   38.3","0,0806, ","-1.1","0,1004","-4.4","0,1005","-4.4","0,1005","-7.8","0,1021","-10.6","0,1024","-3.3","0,0521","-3.3","0,0521","-5.6","0,0507","-7.8","0,0417","-9.4","0,0317","    4436.6","6","","","","","","","    4436.6","0","","","","","","","","","","","","","","","","","","","","","","","","","","","","","","","    172.3"," ,0","     1067"," ,0","      8.28","0","     16.07","0","      0.49","0","","","       270","X","       270","X","","","","","      23.2","X","      27.3","X","",""
"USW00024089","2002","42.89779","-106.47371","1620.9","CASPER NATRONA CO AIRPORT, WY US","       5.6","X","    277.2","","     277.2","0","        73","0","        21","0","         0","0","","","        20","0","        19","0","       205","0","        52","0","       127","0","        43","0","        82"," ","         8"," ","        22"," ","  -25.0","0,0226, ","","","   152"," ,0,0419, ","  14.0"," ,0,0918,+","   37.8","0,0713,+","-1.7","0,0921","-2.2","0,1009","-5.6","0,1012","-7.8","0,1013","-11.1","0,1026","-1.7","0,0525","-2.2","0,0523","-7.8","0,0509","-7.8","0,0509","-11.7","0,0403","    4199.8","8","","","","","","","    4199.8","0","","","","","","","","","","","","","","","","","","","","","","","","","","","","","","","    179.4"," ,0","     1483"," ,0","      6.91","0","     14.89","0","     -1.08","0","","","       260","X","       270","X","","","","","      24.1","X","      29.5","X","",""
"USW00024089","2003","42.89779","-106.47371","1620.9","CASPER NATRONA CO AIRPORT, WY US","       5.2","X","    309.5","","     309.5","0","        71","0","        33","0","         2","0","","","        18","0","        12","0","       181","0","        43","0","       136","0","        41","0","        86"," ","        17"," ","        33"," ","  -34.4","0,0224, ","","","   368"," ,0,1030, ","  53.8"," ,0,0616, ","   37.8","0,0724,+","0.0","0,0917","-3.3","0,1001","-5.0","0,1015","-7.2","0,1025","-9.4","0,1030","-1.7","0,0521","-4.4","0,0520","-4.4","0,0520","-7.2","0,0408","-10.0","0,0405","    4169.9","9","","","","","","","    4169.9","0","","","","","","","","","","","","","","","","","","","","","","","","","","","","","","","    332.6"," ,0","     1942"," ,0","      7.94","0","     15.71","0","      0.18","0","","","       290","X","       280","X","","","","","      23.2","X","      27.7","X","",""
"USW00024089","2004","42.89779","-106.47371","1620.9","CASPER NATRONA CO AIRPORT, WY US","       5.4","X","    130.8","","     130.8","0","        94","0","        30","0","         1","0","","","        14","0","        11","0","       177","0","        37","0","       135","0","        19","0","        76"," ","        19"," ","        34"," ","  -25.6","0,1223, ","","","   180"," ,0,1128, ","  41.7"," ,0,0713, ","   35.6","0,0713,+","0.0","0,0923","-2.8","0,1008","-5.6","0,1031","-10.0","0,1101","-10.0","0,1101","-0.6","0,0601","-5.6","0,0514","-5.6","0,0514","-9.4","0,0410","-9.4","0,0410","    4040.1","1","","","","","","","    4040.1","0","","","","","","","","","","","","","","","","","","","","","","","","","","","","","","","    251.4"," ,0","     1244"," ,0","      7.72","0","     15.27","0","      0.17","0","","","       210","X","       200","X","","","","","      24.1","X","      29.9","X","",""
"USW00024089","2005","42.89779","-106.47371","1620.9","CASPER NATRONA CO AIRPORT, WY US","       5.1","X","    241.9","","     241.9","0","        77","0","        31","0","         2","0","","","        18","0","        10","0","       171","0","        30","0","       137","0","        39","0","        71"," ","        17"," ","        30"," ","  -30.6","0,1207, ","","","   135"," ,0,0428, ","  27.7"," ,0,0803, ","   40.0","0,0716, ","-1.7","0,1004","-3.9","0,1005","-4.4","0,1006","-8.3","0,1023","-10.6","0,1114","-1.7","0,0528","-4.4","0,0512","-4.4","0,0512","-8.3","0,0502","-8.9","0,0415","    3987.2","2","","","","","","","    3987.2","0","","","","","","","","","","","","","","","","","","","","","","","","","","","","","","","    285.4"," ,0","     1372"," ,0","      8.23","0","     16.35","0","      0.11","0","","","       290","X","       300","Z","","","","","      23.2","X","      27.7","Z","",""
"USW00024089","2006","42.89779","-106.47371","1620.9","CASPER NATRONA CO AIRPORT, WY US","       5.4","W","    335.4","","     335.4","0","        73","0","        36","0","         0","0","","","        24","0","        10","0","       183","0","        36","0","       142","0","        46","0","        76"," ","        15"," ","        27"," ","  -35.6","0,0217, ","","","   218"," ,0,0215, ","  19.8"," ,0,0709, ","   40.0","0,0729, ","-0.6","0,0927","-3.3","0,1013","-5.0","0,1017","-8.9","0,1018","-8.9","0,1018","-1.7","0,0530","-2.2","0,0511","-5.0","0,0426","-6.7","0,0323","-11.7","0,0321","    3826.4","4","","","","","","","    3826.4","0","","","","","","","","","","","","","","","","","","","","","","","","","","","","","","","    275.5"," ,0","     1887"," ,0","      8.36","0","     16.25","0","      0.47","0","","","       260","X","        50","X","","","","","      21.9","X","      31.3","X","",""
"USW00024089","2007","42.89779","-106.47371","1620.9","CASPER NATRONA CO AIRPORT, WY US","       5.1","W","    346.2","","     346.2","0","        85","0","        29","0","         4","0","       63","","        19","0","        19","0","       183","0","        55","0","       142","0","        52","0","        84"," ","        18"," ","        41"," ","  -28.9","0,0201, ","   279"," ,0,0330, ","   284"," ,0,0505, ","  56.1"," ,0,0802, ","   37.8","0,0707,+","0.0","0,0911","-2.8","0,1012","-5.0","0,1015","-10.0","0,1102","-10.0","0,1102","-1.1","0,0526","-2.2","0,0426","-8.3","0,0412","-8.3","0,0412","-11.7","0,0330","    4081.4","4","","","","","","","    4081.4","0","","","","","","","","","","","","","","","","","","","","","","","","","","","","","","","    376.1"," ,0","     1708"," ,0","      8.02","0","     16.01","0","      0.02","0","","","       210","X","       220","X","","","","","      21.5","X","      28.2","X","",""
"USW00024089","2008","42.89779","-106.47371","1620.9","CASPER NATRONA CO AIRPORT, WY US","       5.1","W","    200.7","","     200.7","0","        93","0","        36","0","         0","0","       54","","        30","0","        15","0","       204","0","        42","0","       128","0","        36","0","       103"," ","        17"," ","        30"," ","  -28.9","0,1215, ","   127"," ,0,1012, ","   127"," ,0,1011, ","  24.1"," ,0,0522, ","   37.2","0,0801,+","0.0","0,0902","-3.9","0,0924","-6.1","0,1012","-8.3","0,1026","-10.0","0,1114","0.0","0,0512","-2.8","0,0505","-6.1","0,0503","-6.7","0,0502","-10.0","0,0407","    4401.2","2","","","","","","","    4401.2","0","","","","","","","","","","","","","","","","","","","","","","","","","","","","","","","    302.7"," ,0","     1648"," ,0","      6.70","0","     14.75","0","     -1.35","0","","","       220","X","       230","X","","","","","      28.6","X","      34.9","X","",""
"USW00024089","2009","42.89779","-106.47371","1620.9","CASPER NATRONA CO AIRPORT, WY US","       4.8","W","    118.3","","     118.3","0","       100","0","        45","0","         1","0","       63","","        27","0","        22","0","       204","0","        48","0","       129","0","        23","0","       118"," ","        22"," ","        44"," ","  -33.9","0,1208, ","   229"," ,0,1227,+","   269"," ,0,0323, ","  40.9"," ,0,0703, ","   36.1","0,0822, ","-1.1","0,0913","-3.3","0,0928","-5.6","0,1003","-11.1","0,1009","-11.1","0,1009","-3.9","0,0516","-3.9","0,0516","-4.4","0,0513","-9.4","0,0406","-9.4","0,0406","    4205.6","6","","","","","","","    4205.6","0","","","","","","","","","","","","","","","","","","","","","","","","","","","","","","","    401.5"," ,0","     2282"," ,0","      6.54","0","     14.34","0","     -1.27","0","","","       110","X","        70","X","","","","","      21.5","X","      30.4","X","",""
"USW00024089","2010","42.89779","-106.47371","1620.9","CASPER NATRONA CO AIRPORT, WY US","       5.0","W","    224.3","","     224.3","0","        98","0","        33","0","         0","0","       58","","        19","0","        12","0","       192","0","        31","0","       128","0","        32","0","       111"," ","        19"," ","        27"," ","  -32.8","0,0106, ","   178"," ,0,0306, ","   185"," ,0,1215, ","  21.6"," ,0,0612, ","   36.7","0,0726, ","-0.6","0,0903","-2.2","0,0907","-5.0","0,1022","-10.0","0,1104","-10.0","0,1104","-1.7","0,0530","-3.9","0,0514","-7.8","0,0508","-7.8","0,0508","-13.3","0,0320","    4509.5","5","","","","","","","    4509.5","0","","","","","","","","","","","","","","","","","","","","","","","","","","","","","","","    321.3"," ,0","     1660"," ,0","      7.46","0","     15.18","0","     -0.25","0","","","       220","X","       230","X","","","","","      25.0","X","      30.8","X","",""
"USW00024089","2011","42.89779","-106.47371","1620.9","CASPER NATRONA CO AIRPORT, WY US","       5.6","W","    278.5","","     278.5","X","        91","X","        39","X","         0","X","       71","","        18","X","        16","X","       185","X","        44","X","       125","X","        39","X","        74"," ","        19"," ","        34"," ","  -31.1","X,0110, ","   229"," ,X,0109, ","   191"," ,X,0109, ","  19.1"," ,X,1006, ","   36.7","X,0725,+","-3.9","X,0921","-3.9","X,0921","-6.1","X,1026","-7.2","X,1027","-11.1","X,1102","-0.6","X,0604","-3.3","X,0505","-5.0","X,0502","-8.9","X,0424","-8.9","X,0424","    4203.1","1","","","","","","","    4203.1","X","","","","","","","","","","","","","","","","","","","","","","","","","","","","","","","    338.6"," ,X","     1664"," ,X","      7.26","X","     14.80","X","     -0.27","X","","","       210","X","       230","X","","","","","      21.5","X","      27.7","X","",""
"USW00024089","2012","42.89779","-106.47371","1620.9","CASPER NATRONA CO AIRPORT, WY US","       5.3","X","    376.2","","     376.2","X","        72","X","        26","X","         0","X","       44","","        19","X","         7","X","       165","X","        31","X","       158","X","        56","X","        35"," ","         8"," ","        24"," ","  -23.9","X,1231, ","   102"," ,X,1227,+","   102"," ,X,1110, ","  15.7"," ,X,0722, ","   37.8","X,0701,+","-0.6","X,0914","-3.3","X,1004","-5.0","X,1006","-7.2","X,1017","-19.4","X,1110","0.0","X,0529","-4.4","X,0512","-4.4","X,0512","-7.8","X,0409","-8.9","X,0408","    3786.5","5","","","","","","","    3786.5","X","","","","","","","","","","","","","","","","","","","","","","","","","","","","","","","    200.8"," ,X","     1128"," ,X","      9.24","X","     17.48","X","      1.00","X","","","       230","X","","","","","","","      23.2","X","","","",""
"USW00024089","2013","42.89779","-106.47371","1620.9","CASPER NATRONA CO AIRPORT, WY US","       5.2","W","    332.6","","     332.6","W","        90","W","        44","W","         2","W","       70","","        26","W","        19","W","       202","W","        50","W","       133","W","        46","W","        34"," ","         6"," ","        28"," ","  -29.9","W,1206,+","   360"," ,W,0417, ","   315"," ,W,1004, ","  39.1"," ,W,1003, ","   36.7","W,0722,+","-2.7","W,0920","-2.7","W,0920","-7.1","W,1005","-7.1","W,1005","-9.3","W,1105","0.0","W,0604","-3.2","W,0503","-6.0","W,0502","-12.7","W,0423","-12.7","W,0423","    4072.7","7","","","","","","","    4072.7","W","","","","","","","","","","","","","","","","","","","","","","","","","","","","","","","    385.2"," ,W","     2733"," ,W","      7.27","W","     15.01","W","     -0.47","W","","","       300","W","        50","W","","","","","      21.5","W","      26.8","W","",""
"USW00024089","2014","42.89779","-106.47371","1620.9","CASPER NATRONA CO AIRPORT, WY US","       5.1","W","    190.5","","     190.5","W","       102","W","        43","W","         0","W","       71","","        31","W","        23","W","       190","W","        43","W","       142","W","        28","W","        66"," ","         5"," ","        24"," ","  -32.7","W,1112, ","   180"," ,W,1215, ","   127"," ,W,1214, ","  19.6"," ,W,0715, ","   37.8","W,0723, ","-3.2","W,0911","-3.2","W,0911","-4.9","W,1027","-14.3","W,1110","-14.3","W,1110","0.0","W,0514","-3.2","W,0513","-5.5","W,0501","-12.1","W,0414","-12.1","W,0414","    4403.5","5","","","","","","","    4403.5","W","","","","","","","","","","","","","","","","","","","","","","","","","","","","","","","    308.6"," ,W","     2127"," ,W","      7.18","W","     15.14","W","     -0.79","W","","","       210","W","       250","W","","","","","      21.5","W","      28.6","W","",""
"USW00024089","2015","42.89779","-106.47371","1620.9","CASPER NATRONA CO AIRPORT, WY US","       5.0","W","    227.1","","     227.1","W","        91","W","        42","W","         0","W","       65","","        21","W","        13","W","       173","W","        42","W","       147","W","        33","W","       100"," ","        16"," ","        42"," ","  -28.8","W,0103, ","   200"," ,W,1216,+","   155"," ,W,1214, ","  18.5"," ,W,0803, ","   36.1","W,0814,+","-1.6","W,0823","-4.9","W,1012","-4.9","W,1012","-10.5","W,1118","-10.5","W,1118","-0.5","W,0520","-2.7","W,0511","-6.0","W,0413","-7.7","W,0410","-10.5","W,0305","    3897.3","3","","","","","","","    3897.3","W","","","","","","","","","","","","","","","","","","","","","","","","","","","","","","","    338.1"," ,W","     1763"," ,W","      8.44","W","     16.25","W","      0.63","W","","","       260","W","       200","W","","","","","      22.8","W","      28.2","W","",""
"USW00024089","2016","42.89779","-106.47371","1620.9","CASPER NATRONA CO AIRPORT, WY US","       5.5","W","    241.1","","     241.1","W","        91","W","        39","W","         2","W","       68","","        20","W","        10","W","       178","W","        34","W","       139","W","        39","W","        91"," ","        15"," ","        39"," ","  -36.0","W,1208, ","   330"," ,W,0202, ","   251"," ,W,0426, ","  38.1"," ,W,0424, ","   37.8","W,0621, ","-1.0","W,0910","-2.7","W,1006","-5.5","W,1011","-9.3","W,1012","-9.3","W,1012","-0.5","W,0601","-2.7","W,0512","-5.5","W,0427","-7.1","W,0411","-9.3","W,0320","    3887.8","8","","","","","","","    3887.8","W","","","","","","","","","","","","","","","","","","","","","","","","","","","","","","","    396.0"," ,W","     2082"," ,W","      8.18","W","     16.14","W","      0.22","W","","","       220","W","       210","W","","","","","      23.3","W","      29.5","W","",""
"USW00024089","2017","42.89779","-106.47371","1620.9","CASPER NATRONA CO AIRPORT, WY US","       5.4","W","    239.2","","     239.2","W","       104","W","        47","W","         2","W","       56","","        20","W","        14","W","       169","W","        34","W","       132","W","        41","W","       109"," ","        23"," ","        32"," ","  -33.2","W,0105, ","   200"," ,W,0125,+","   229"," ,W,0223, ","  27.4"," ,W,0331, ","   36.7","W,0714,+","-1.0","W,0927","-2.7","W,1004","-10.5","W,1026","-10.5","W,1026","-10.5","W,1026","-2.1","W,0520","-4.3","W,0430","-5.5","W,0429","-7.1","W,0410","-13.2","W,0301","    3943.1","1","","","","","","","    3943.1","W","","","","","","","","","","","","","","","","","","","","","","","","","","","","","","","    358.7"," ,W","     1833"," ,W","      7.89","W","     15.56","W","      0.21","W","","","       210","W","       290","W","","","","","      22.8","W","      29.1","W","",""
"USW00024089","2018","42.89779","-106.47371","1620.9","CASPER NATRONA CO AIRPORT, WY US","       5.1","W","    226.0","","     226.0","W","        97","W","        44","W","         0","W","       66","","        22","W","        13","W","       193","W","        35","W","       140","W","        38","W","       130"," ","        15"," ","        44"," ","  -29.3","W,0220,+","   280"," ,W,0219, ","   226"," ,W,0219, ","  20.8"," ,W,0617, ","   37.8","W,0812,+","-1.6","W,0921","-3.8","W,0926","-4.9","W,1011","-7.7","W,1013","-14.3","W,1109","-1.0","W,0502","-3.2","W,0428","-7.7","W,0418","-7.7","W,0418","-9.9","W,0407","    4117.0","0","","","","","","","    4117.0","W","","","","","","","","","","","","","","","","","","","","","","","","","","","","","","","    333.4"," ,W","     1742"," ,W","      7.50","W","     15.63","W","     -0.63","W","","","       230","W","       180","W","","","","","      21.9","W","      31.3","W","",""
"USW00024089","2019","42.89779","-106.47371","1620.9","CASPER NATRONA CO AIRPORT, WY US","       5.5","W","    235.0","","     235.0","W","       111","W","        49","W","         0","W","       91","","        32","W","        16","W","       201","W","        56","W","       124","W","        45","W","       117"," ","        15"," ","        47"," ","  -30.5","W,0207, ","   200"," ,W,0314, ","   345"," ,W,0313, ","  24.4"," ,W,0313, ","   36.7","W,0902,+","-1.0","W,1002","-4.9","W,1003","-4.9","W,1003","-7.1","W,1009","-9.3","W,1010","-3.8","W,0610","-3.8","W,0610","-5.5","W,0502","-8.8","W,0429","-11.0","W,0316","    4442.2","2","","","","","","","    4442.2","W","","","","","","","","","","","","","","","","","","","","","","","","","","","","","","","    368.7"," ,W","     2427"," ,W","      6.47","W","     14.01","W","     -1.07","W","","","       280","W","       280","W","","","","","      22.8","W","      30.4","W","",""
"USW00024089","2020","42.89779","-106.47371","1620.9","CASPER NATRONA CO AIRPORT, WY US","","","","","","","","","","","","","","","","","","","","","","","","","","","        52"," ","        14"," ","        14"," ","","","","","","","","","","","","","","","","","","","","","","","","","","","","","","","    4337.5","5","","","","","","","    4337.5"," ","","","","","","","","","","","","","","","","","","","","","","","","","","","","","","","","","","","","","","","","","","","","","","","","","","","","","","","",""
